index,question,answer,intent,retrieved_count,k,context_found,branch
1,닭가슴살로 만들 수 있는 간단한 저녁 메뉴 추천해줘.,"닭가슴살로 만들 수 있는 간단한 저녁 메뉴로 ""닭가슴살 스테이크""를 추천합니다. 이 요리는 담백하면서도 맛있고, 조리 시간도 짧아 저녁 메뉴로 적합합니다.

1) **재료(계량 포함)**  
- 닭가슴살 2조각 (약 300g)  
- 올리브유 2큰술  
- 소금 1작은술  
- 후추 1/2작은술  
- 마늘 가루 1작은술 (선택 사항)  
- 허브(타임, 로즈마리 등) 1작은술 (선택 사항)  
- 레몬즙 1큰술 (선택 사항)  

2) **단계**  
1. 닭가슴살을 고르게 두께로 펴서 준비합니다.  
2. 올리브유, 소금, 후추, 마늘 가루, 허브를 섞어 마리네이드 소스를 만듭니다.  
3. 닭가슴살에 마리네이드를 바르고 최소 30분 동안 재워둡니다.  
4. 팬을 중불로 예열한 후, 재워둔 닭가슴살을 올리고 각 면을 약 5-7분씩 구워줍니다.  
5. 닭가슴살이 완전히 익으면 팬에서 꺼내고, 레몬즙을 뿌려서 서빙합니다.  

3) **핵심 팁**  
- 닭가슴살을 재울 때 시간이 길수록 더 맛이 배어들기 때문에 가능하면 몇 시간 이상 재워두는 것이 좋습니다.  
- 팬에서 구울 때 너무 자주 뒤집지 말고, 한 면이 잘 구워진 후 뒤집어 주세요.  

4) **변형/대체 옵션**  
- 마리네이드에 간장이나 발사믹 식초를 추가하여 다른 맛을 낼 수 있습니다.  
- 닭가슴살 대신 칠면조 가슴살이나 두부를 사용해도 좋습니다.  

이 요리는 단백질이 풍부하고, 저칼로리로 건강한 저녁 식사로 적합합니다.",recipe,10,10,True,has_docs
2,두부와 버섯만으로 가능한 비건 요리 있어?,"물론입니다! 두부와 버섯을 이용한 비건 요리로 '두부 버섯 볶음'을 추천합니다. 이 요리는 간단하면서도 맛있고 영양가가 높습니다.

1) **재료**  
- 두부: 300g  
- 버섯 (표고버섯 또는 양송이): 200g  
- 올리브유: 2큰술  
- 간장: 2큰술  
- 마늘: 2쪽 (다진 것)  
- 생강: 1작은술 (다진 것)  
- 후추: 약간  
- 대파: 1대 (썬 것, 선택 사항)  

2) **단계**  
1. 두부는 물기를 제거하고 1.5cm 크기로 잘라줍니다.  
2. 버섯은 깨끗이 씻고 슬라이스합니다.  
3. 팬에 올리브유를 두르고 중불에서 두부를 노릇하게 구워줍니다.  
4. 두부가 구워지면 다진 마늘과 생강을 넣고 볶아 향을 낸 후, 버섯을 추가합니다.  
5. 버섯이 부드러워질 때까지 볶고, 간장과 후추로 간을 맞춥니다.  
6. 마지막으로 대파를 넣고 한 번 더 볶아줍니다.  

3) **핵심 팁**  
- 두부는 꼭 물기를 제거한 후 볶아야 더 바삭한 식감을 얻을 수 있습니다.  
- 버섯은 다양한 종류를 사용해도 좋으며, 각기 다른 맛을 즐길 수 있습니다.  

4) **변형/대체 옵션**  
- 두부 대신 tempeh(템페)를 사용해도 좋습니다.  
- 간장 대신 타마리 소스를 사용하면 글루텐 프리 옵션이 됩니다.  
- 추가로 채소 (예: 브로콜리, 당근 등)를 넣어 영양을 더할 수 있습니다.  

이 요리는 단백질이 풍부하고, 비건 식단에 적합한 영양가 높은 한 끼가 됩니다!",recipe,10,10,True,has_docs
3,"토마토, 바질, 올리브오일로 만들 수 있는 파스타 알려줘.","토마토, 바질, 올리브 오일로 간단하면서도 맛있는 '토마토 바질 파스타'를 만들어 보세요!

1) **재료(계량 포함)**:
   - 스파게티 면 200g
   - 신선한 토마토 4개 (중간 크기)
   - 신선한 바질 잎 한 줌
   - 올리브 오일 3큰술
   - 마늘 2쪽 (다진 것)
   - 소금, 후추 (기호에 따라)
   - 파르메산 치즈 (선택 사항)

2) **단계**:
   1. 큰 냄비에 물을 끓이고 소금을 넣은 후 스파게티 면을 포장 지침에 따라 삶아줍니다.
   2. 삶는 동안, 토마토를 잘게 썰고 바질 잎은 잘게 찢어 준비합니다.
   3. 팬에 올리브 오일을 두르고 중불에서 다진 마늘을 넣어 향이 올라올 때까지 볶습니다.
   4. 썰어놓은 토마토를 팬에 넣고 소금과 후추로 간을 한 후, 약 5분간 조리하여 소스가 되도록 합니다.
   5. 삶은 스파게티 면을 팬에 넣고 잘 섞은 후, 마지막에 바질 잎을 넣고 가볍게 섞습니다.
   6. 원한다면 파르메산 치즈를 뿌려서 서빙합니다.

3) **핵심 팁**:
   - 신선한 재료를 사용할수록 맛이 좋습니다. 여름철에는 제철 토마토를 사용하는 것이 이상적입니다.
   - 올리브 오일의 품질이 요리의 맛을 좌우하므로 좋은 품질의 올리브 오일을 선택하세요.

4) **변형/대체 옵션**:
   - 토마토 대신 방울토마토를 사용하면 더 달콤한 맛을 낼 수 있습니다.
   - 바질 대신 파슬리나 오레가노를 사용할 수 있습니다.
   - 해산물(새우, 조개 등)을 추가하여 풍미를 더할 수 있습니다.

이 파스타는 간단하면서도 신선한 맛을 즐길 수 있는 요리입니다. 맛있게 만들어 보세요!",recipe,10,10,True,has_docs
4,감자와 달걀로 20분 안에 만들 수 있는 요리는?,"감자와 달걀로 20분 안에 만들 수 있는 요리는 ""감자 달걀 볶음""입니다. 이 요리는 간단하면서도 맛있고 영양가가 높습니다.

1) **재료(계량 포함)**:
   - 감자 2개 (중간 크기)
   - 달걀 2개
   - 양파 1/2개 (선택 사항)
   - 식용유 2큰술
   - 소금, 후추 약간
   - 파슬리 또는 대파 (장식용, 선택 사항)

2) **단계**:
   1. 감자는 껍질을 벗기고 작은 주사위 모양으로 썰어줍니다.
   2. 양파도 잘게 썰어줍니다 (사용하는 경우).
   3. 팬에 식용유를 두르고 중불로 가열한 후, 감자를 넣고 5-7분간 볶아줍니다.
   4. 감자가 반쯤 익으면 양파를 추가하고, 소금과 후추로 간을 맞춥니다.
   5. 달걀을 풀어 팬에 붓고, 감자와 잘 섞이도록 볶아줍니다.
   6. 달걀이 익을 때까지 볶아주고, 마지막으로 파슬리나 대파로 장식합니다.

3) **핵심 팁**:
   - 감자를 미리 삶아두면 조리 시간을 단축할 수 있습니다.
   - 달걀을 넣기 전에 감자가 충분히 익었는지 확인하세요.

4) **변형/대체 옵션**:
   - 감자 대신 고구마를 사용해도 좋습니다.
   - 채소를 추가하고 싶다면 당근이나 피망을 넣어도 맛있습니다.

이 요리는 단백질과 탄수화물이 조화를 이루어 간단한 한 끼로 좋습니다. 감자 100g당 약 77칼로리, 달걀 1개당 약 70칼로리 정도로, 영양가가 높습니다.",recipe,10,10,True,has_docs
5,소고기 다짐육 남았는데 한 그릇 요리 추천해줘.,"소고기 다짐육을 활용한 '소고기 덮밥' 레시피를 추천합니다. 이 요리는 간단하면서도 맛있고, 한 그릇으로 충분한 영양을 제공합니다.

1) **재료(계량 포함)**:
   - 소고기 다짐육 300g
   - 양파 1개 (중간 크기)
   - 당근 1/2개
   - 대파 1대
   - 간장 3큰술
   - 설탕 1큰술
   - 참기름 1큰술
   - 후추 약간
   - 밥 2공기
   - 깨소금 약간 (선택)

2) **단계**:
   1. 양파와 당근을 얇게 채 썰고, 대파는 송송 썬다.
   2. 팬에 참기름을 두르고 양파와 당근을 넣어 볶다가, 소고기 다짐육을 추가한다.
   3. 소고기가 익을 때까지 볶고, 간장, 설탕, 후추를 넣어 잘 섞는다.
   4. 마지막에 대파를 넣고 한 번 더 볶아준다.
   5. 밥 위에 볶은 소고기와 야채를 올리고, 원한다면 깨소금을 뿌려서 완성한다.

3) **핵심 팁**:
   - 소고기 다짐육을 볶을 때 너무 오래 익히지 않도록 주의하세요. 육즙이 빠져나가면 맛이 떨어질 수 있습니다.
   - 간장과 설탕의 비율은 개인의 취향에 따라 조절할 수 있습니다.

4) **변형/대체 옵션**:
   - 소고기 대신 돼지고기나 닭고기를 사용해도 좋습니다.
   - 야채는 취향에 따라 브로콜리, 피망 등으로 대체할 수 있습니다.
   - 밥 대신 퀴노아나 현미밥으로 건강하게 변형할 수 있습니다.

이 소고기 덮밥은 간단하게 만들 수 있으며, 영양가도 높아 한 끼 식사로 적합합니다.",recipe,10,10,True,has_docs
6,"애호박, 양파, 당근으로 국이나 찌개 할 수 있을까?","네, 애호박, 양파, 당근을 활용하여 맛있는 국이나 찌개를 만들 수 있습니다. 아래는 애호박, 양파, 당근을 이용한 간단한 애호박국 레시피입니다.

1) **재료**  
- 애호박: 1개 (약 200g)  
- 양파: 1개 (약 100g)  
- 당근: 1/2개 (약 50g)  
- 물: 4컵 (약 1리터)  
- 국간장: 2큰술  
- 다진 마늘: 1큰술  
- 소금: 적당량  
- 후춧가루: 약간  
- 대파: 1대 (선택 사항)  

2) **단계**  
1. 애호박과 당근은 얇게 썰고, 양파는 채 썬다.  
2. 냄비에 물을 붓고 끓인다.  
3. 물이 끓으면 애호박, 양파, 당근을 넣고 중불에서 5분 정도 끓인다.  
4. 국간장과 다진 마늘을 넣고 2-3분 더 끓인다.  
5. 소금과 후춧가루로 간을 맞춘 후, 대파를 넣고 한 번 더 끓인다.  
6. 그릇에 담아 따뜻하게 서빙한다.  

3) **핵심 팁**  
- 국물의 깊은 맛을 원한다면 멸치나 다시마로 육수를 내면 좋습니다.  
- 국간장 대신 소금을 사용해도 무방합니다.  

4) **변형/대체 옵션**  
- 애호박 대신 호박이나 브로콜리를 사용할 수 있습니다.  
- 양파 대신 대파를 추가하면 더욱 향긋한 맛을 낼 수 있습니다.  
- 고기를 추가하고 싶다면, 소고기나 돼지고기를 넣어도 좋습니다.  

이 레시피는 간단하면서도 영양가가 높아 건강한 한 끼로 적합합니다.",recipe,10,10,True,has_docs
7,생연어로 오븐 없이 만들 수 있는 요리 뭐가 있어?,"생연어로 오븐 없이 만들 수 있는 요리로는 ""연어 타르타르""를 추천합니다. 이 요리는 신선한 생연어를 사용하여 간단하게 만들 수 있으며, 신선한 재료와 함께 조리하여 맛을 극대화할 수 있습니다.

1) **재료**:
   - 생연어 200g (신선한 것으로 준비)
   - 아보카도 1개
   - 레몬 주스 1큰술
   - 올리브 오일 1큰술
   - 소금, 후추 약간
   - 다진 양파 1큰술 (선택 사항)
   - 다진 신선한 허브 (바질, 딜 등) 1큰술 (선택 사항)

2) **단계**:
   1. 생연어를 잘게 다진다.
   2. 아보카도를 반으로 잘라 씨를 빼고, 과육을 숟가락으로 떠서 잘게 다진다.
   3. 다진 연어와 아보카도를 큰 그릇에 넣고, 레몬 주스, 올리브 오일, 소금, 후추를 추가한다.
   4. 원한다면 다진 양파와 허브를 추가하여 잘 섞는다.
   5. 접시에 담아 장식하고, 원한다면 크래커나 빵과 함께 제공한다.

3) **핵심 팁**:
   - 생연어는 반드시 신선한 것을 사용해야 하며, 구매 시 신뢰할 수 있는 곳에서 구입하세요.
   - 레몬 주스는 생연어의 비린내를 줄여주고 신선한 맛을 더해줍니다.

4) **변형/대체 옵션**:
   - 아보카도 대신 오이 또는 파프리카를 사용하여 아삭한 식감을 더할 수 있습니다.
   - 허브 대신 다른 향신료를 추가하여 다양한 맛을 시도할 수 있습니다.

이 요리는 신선하고 건강한 맛을 즐길 수 있으며, 간단하게 준비할 수 있어 손님 접대에도 적합합니다.",recipe,10,10,True,has_docs
8,냉동새우로 술안주 추천해줘.,"냉동새우를 활용한 간단하고 맛있는 술안주로 ""마늘 버터 새우""를 추천합니다. 이 요리는 새우의 풍미를 살리면서도 마늘과 버터의 조화로 깊은 맛을 느낄 수 있습니다.

1) **재료(계량 포함)**  
- 냉동새우 300g  
- 버터 50g  
- 다진 마늘 3큰술  
- 올리브 오일 1큰술  
- 소금 약간  
- 후추 약간  
- 파슬리 (선택사항)  

2) **단계**  
1. 냉동새우를 찬물에 해동한 후 물기를 제거합니다.  
2. 팬에 올리브 오일과 버터를 넣고 중불에서 녹입니다.  
3. 다진 마늘을 넣고 향이 올라올 때까지 볶습니다.  
4. 해동한 새우를 팬에 넣고 소금과 후추로 간을 합니다.  
5. 새우가 핑크색으로 변할 때까지 약 3-4분간 볶습니다.  
6. 마지막으로 파슬리를 뿌려 장식하고, 뜨거운 상태로 서빙합니다.  

3) **핵심 팁**  
- 새우는 과도하게 조리하지 않도록 주의하세요. 너무 익히면 질겨질 수 있습니다.  
- 마늘은 타지 않도록 중불에서 조리하는 것이 중요합니다.  

4) **변형/대체 옵션**  
- 버터 대신 올리브 오일만 사용하거나, 매운 맛을 원한다면 고추가루나 청양고추를 추가해도 좋습니다.  
- 새우 대신 다른 해산물(예: 오징어, 조개 등)을 사용해도 맛있습니다.  

이 마늘 버터 새우는 간단하게 만들 수 있어 술안주로 제격입니다. 즐거운 시간 되세요!",recipe,10,10,True,has_docs
9,글루텐 프리 치킨요리 추천해줘.,"글루텐 프리 치킨 요리로 ""허브 구운 치킨""을 추천합니다. 이 요리는 간단하면서도 풍미가 가득해 가족 모두가 좋아할 만한 메뉴입니다.

1) **재료**:
   - 닭 가슴살 500g
   - 올리브 오일 3큰술
   - 마늘 3쪽 (다진 것)
   - 로즈마리 1큰술 (신선한 것 또는 말린 것)
   - 타임 1큰술 (신선한 것 또는 말린 것)
   - 소금 1작은술
   - 후추 1/2작은술
   - 레몬 1개 (즙과 제스트)

2) **단계**:
   1. 오븐을 200도로 예열합니다.
   2. 큰 볼에 올리브 오일, 다진 마늘, 로즈마리, 타임, 소금, 후추, 레몬즙과 제스트를 넣고 잘 섞습니다.
   3. 닭 가슴살을 볼에 넣고 양념이 잘 배도록 버무립니다. 최소 30분간 재워둡니다.
   4. 재워둔 닭 가슴살을 오븐에 넣고 25-30분간 구워줍니다. 중간에 한 번 뒤집어 주세요.
   5. 닭이 완전히 익으면 오븐에서 꺼내어 5분 정도 휴지시킨 후 썰어 서빙합니다.

3) **핵심 팁**:
   - 닭고기를 재울 때, 냉장고에서 재우면 더욱 깊은 맛을 느낄 수 있습니다.
   - 허브는 신선한 것을 사용하면 향이 더 좋습니다.

4) **변형/대체 옵션**:
   - 닭 가슴살 대신 닭 허벅지살을 사용하면 더 부드럽고 육즙이 풍부한 요리가 됩니다.
   - 허브 대신 바질이나 오레가노를 사용해도 좋습니다.

이 요리는 단백질이 풍부하고 글루텐이 없어 건강한 한 끼로 적합합니다.",recipe,10,10,True,has_docs
10,유당 불내증 있어. 크림 없이도 고소한 파스타 있을까?,"유당 불내증이 있으시다면 크림 없이도 고소한 맛을 낼 수 있는 파스타 레시피를 소개해드릴게요. 이 레시피는 올리브 오일과 견과류를 사용하여 고소한 맛을 강조합니다.

1) **재료**:
   - 파스타(스파게티 또는 펜네) 200g
   - 올리브 오일 4큰술
   - 마늘 3쪽 (다진 것)
   - 잣 또는 호두 50g (볶아서 다진 것)
   - 파르메산 치즈 대체용 영양 효모 2큰술 (선택 사항)
   - 소금, 후추 적당량
   - 신선한 바질 또는 파슬리 (장식용)

2) **단계**:
   1. 큰 냄비에 물을 끓이고 소금을 넣은 후 파스타를 포장지의 지시에 따라 삶습니다.
   2. 파스타가 삶아지는 동안, 팬에 올리브 오일을 두르고 다진 마늘을 넣어 중불에서 볶아 향을 낸 후, 볶은 견과류를 추가합니다.
   3. 삶은 파스타를 팬에 넣고 잘 섞어줍니다. 필요에 따라 파스타 삶은 물을 조금 추가하여 농도를 조절합니다.
   4. 소금과 후추로 간을 맞추고, 원한다면 영양 효모를 뿌려 고소한 맛을 더합니다.
   5. 접시에 담고 신선한 바질이나 파슬리로 장식하여 서빙합니다.

3) **핵심 팁**:
   - 견과류는 미리 볶아서 사용하면 더욱 고소한 맛을 낼 수 있습니다.
   - 영양 효모는 치즈 대체로 사용되며, 비건 요리에도 적합합니다.

4) **변형/대체 옵션**:
   - 파스타 대신 콜리플라워 또는 호박면을 사용하여 저탄수화물 옵션으로 변형할 수 있습니다.
   - 마늘 대신 양파를 사용해도 좋습니다.

이 레시피는 유당이 없으면서도 고소한 맛을 즐길 수 있는 훌륭한 선택입니다!",recipe,10,10,True,has_docs
11,땅콩 알레르기 있어. 땅콩 없이 아시아풍 면요리 알려줘.,"땅콩 알레르기가 있으시다면, 땅콩 대신 다른 재료를 활용하여 아시아풍 면요리를 만들 수 있습니다. 예를 들어, '태국식 볶음면(팟타이)'를 땅콩 없이 만들어 보세요.

**요리명: 땅콩 없는 태국식 볶음면(팟타이)**

**재료:**
- 쌀국수 200g
- 새우 또는 닭고기 150g
- 계란 2개
- 숙주 100g
- 대파 1대 (다진 것)
- 마늘 2쪽 (다진 것)
- 간장 2큰술
- 피시소스 1큰술
- 설탕 1큰술
- 라임 1개 (즙)
- 고수 (선택 사항)

**단계 요약:**
1. 쌀국수를 끓는 물에 삶아 부드럽게 만든 후, 찬물에 헹궈 물기를 빼둡니다.
2. 팬에 기름을 두르고 다진 마늘과 대파를 볶다가 새우 또는 닭고기를 넣고 익힙니다.
3. 계란을 풀어 팬에 넣고 스크램블한 후, 삶은 쌀국수를 추가합니다.
4. 간장, 피시소스, 설탕을 넣고 잘 섞은 후, 숙주를 넣고 살짝 볶습니다.
5. 마지막으로 라임즙을 뿌리고, 원한다면 고수를 올려서 완성합니다.

**대체재 비율 및 주의점:**
- 땅콩 대신 고소한 맛을 원하신다면, 볶은 참깨를 뿌리거나, 아몬드 가루를 소량 추가할 수 있습니다. 아몬드 가루는 땅콩과 비슷한 풍미를 줄 수 있지만, 알레르기가 있는 경우 주의가 필요합니다.
- 피시소스 대신 간장만 사용해도 좋습니다. 이 경우, 감칠맛을 더하기 위해 다시마 육수를 활용할 수 있습니다.

이렇게 하면 땅콩 없이도 맛있는 아시아풍 면요리를 즐길 수 있습니다!",substitution,10,10,True,has_docs
12,600kcal 이하 저염 한 끼 식단 추천해줘.,"저염 한 끼 식단으로 '닭가슴살 샐러드'를 추천합니다. 이 요리는 600kcal 이하로 건강하고 맛있으며, 다양한 채소를 활용하여 영양소를 골고루 섭취할 수 있습니다.

1) **재료**  
- 닭가슴살 100g (약 165kcal)  
- 로메인 상추 50g (약 10kcal)  
- 방울토마토 100g (약 18kcal)  
- 오이 50g (약 8kcal)  
- 아보카도 50g (약 80kcal)  
- 올리브유 1큰술 (약 120kcal)  
- 레몬즙 1큰술 (약 4kcal)  
- 후추, 허브 (기호에 따라)  

**총 칼로리: 약 405kcal**

2) **단계**  
1. 닭가슴살을 소금 없이 후추와 허브로 간을 한 후, 팬에서 구워줍니다.  
2. 구운 닭가슴살을 식힌 후, 얇게 썰어줍니다.  
3. 로메인 상추, 방울토마토, 오이, 아보카도를 적당한 크기로 썰어 큰 그릇에 담습니다.  
4. 구운 닭가슴살을 채소 위에 올리고, 올리브유와 레몬즙을 뿌립니다.  
5. 모든 재료를 잘 섞어 접시에 담고, 후추로 마무리합니다.  

3) **핵심 팁**  
- 닭가슴살은 미리 삶거나 구워서 준비해두면 더욱 간편하게 만들 수 있습니다.  
- 다양한 채소를 추가하여 색다른 맛을 즐길 수 있습니다. 예를 들어, 파프리카나 당근을 추가해보세요.  

4) **변형/대체 옵션**  
- 닭가슴살 대신 두부나 훈제 연어로 대체할 수 있습니다.  
- 아보카도를 빼고 대신 견과류를 추가하면 고소한 맛을 더할 수 있습니다.  

이 식단은 저염이면서도 단백질과 건강한 지방을 포함하고 있어 균형 잡힌 한 끼로 적합합니다.",recipe,10,10,True,has_docs
13,고단백 저지방 도시락 레시피 3가지 알려줘.,"고단백 저지방 도시락 레시피 3가지를 소개합니다.

### 1. 닭가슴살 샐러드 도시락
**재료:**
- 닭가슴살 150g
- 혼합 샐러드 채소 100g
- 방울토마토 5개
- 오이 1/2개
- 발사믹 드레싱 1큰술
- 소금, 후추 약간

**단계:**
1. 닭가슴살에 소금과 후추로 간을 한 후, 팬에서 구워 익힌다.
2. 구운 닭가슴살을 식힌 후, 슬라이스한다.
3. 샐러드 채소, 방울토마토, 오이를 준비하여 도시락 용기에 담는다.
4. 슬라이스한 닭가슴살을 샐러드 위에 올리고, 발사믹 드레싱을 뿌린다.

**핵심 팁:** 닭가슴살을 미리 삶거나 구워서 냉장고에 보관하면 빠르게 도시락을 준비할 수 있습니다.

**변형/대체 옵션:** 닭가슴살 대신 칠면조 가슴살이나 두부를 사용할 수 있습니다.

---

### 2. 렌틸콩과 퀴노아 도시락
**재료:**
- 렌틸콩 100g
- 퀴노아 50g
- 시금치 50g
- 레몬즙 1큰술
- 올리브유 1작은술
- 소금, 후추 약간

**단계:**
1. 렌틸콩과 퀴노아를 각각 끓는 물에 삶아 익힌다.
2. 시금치는 살짝 데쳐서 물기를 제거한다.
3. 삶은 렌틸콩과 퀴노아를 섞고, 시금치를 추가한다.
4. 레몬즙과 올리브유, 소금, 후추로 간을 맞춘다.

**핵심 팁:** 렌틸콩과 퀴노아는 미리 삶아 두면 도시락 준비가 더욱 간편해집니다.

**변형/대체 옵션:** 퀴노아 대신 현미나 보리로 대체할 수 있습니다.

---

### 3. 계란 흰자 오믈렛 도시락
**재료:**
- 계란 흰자 4개
- 시금치 50g
- 양파 1/4개
- 파프리카 1/4개
- 소금, 후추 약간

**단계:**
1. 양파와 파프리카를 잘게 썰어 팬에 볶는다.
2. 시금치를 추가하여 살짝 익힌 후, 계란 흰자를 넣고 잘 섞는다.
3. 오믈렛 형태로 익힌 후, 도시락 용기에 담는다.

**핵심 팁:** 계란 흰자만 사용하면 저지방으로 건강한 오믈렛을 만들 수 있습니다.

**변형/대체 옵션:** 채소는 취향에 따라 브로콜리, 버섯 등으로 변경할 수 있습니다.

이 세 가지 도시락 레시피는 고단백 저지방으로 건강한 식사를 제공합니다. 각 레시피는 약 300-400 칼로리 정도로, 영양가가 높습니다.",recipe,10,10,True,has_docs
14,비건 디저트 중 초콜릿 느낌 나는 레시피 있을까?,"비건 초콜릿 무스 레시피를 소개할게요. 이 디저트는 부드럽고 진한 초콜릿 맛을 즐길 수 있어요.

1) **재료**:
   - 아보카도 2개
   - 무가당 코코아 파우더 1/2컵
   - 메이플 시럽 1/4컵 (또는 아가베 시럽)
   - 바닐라 추출물 1작은술
   - 소금 한 꼬집
   - 식물성 우유 2-4큰술 (필요에 따라 조절)

2) **단계**:
   1. 아보카도를 반으로 갈라 씨를 제거하고, 과육을 숟가락으로 퍼내어 믹서기에 넣습니다.
   2. 코코아 파우더, 메이플 시럽, 바닐라 추출물, 소금을 추가합니다.
   3. 믹서기를 작동시켜 부드럽고 크리미한 질감이 될 때까지 섞습니다. 필요에 따라 식물성 우유를 추가하여 원하는 농도로 조절합니다.
   4. 완성된 무스를 그릇에 담고, 냉장고에서 최소 30분 이상 차갑게 둡니다.
   5. 원한다면 과일이나 견과류로 장식하여 서빙합니다.

3) **핵심 팁**:
   - 아보카도가 잘 익은 것을 사용하면 더 부드러운 질감을 얻을 수 있습니다.
   - 코코아 파우더의 양을 조절하여 초콜릿 맛의 강도를 조절할 수 있습니다.

4) **변형/대체 옵션**:
   - 메이플 시럽 대신 다른 비건 감미료를 사용할 수 있습니다.
   - 아보카도 대신 바나나를 사용해도 좋지만, 맛과 질감이 달라질 수 있습니다.

이 비건 초콜릿 무스는 건강하면서도 맛있는 디저트로, 초콜릿을 좋아하는 분들에게 안성맞춤입니다!",recipe,10,10,True,has_docs
15,키토 다이어트에 맞는 아침 식사 추천해줘.,"키토 다이어트에 적합한 아침 식사로는 '아보카도와 계란 스크램블'을 추천합니다. 이 요리는 저탄수화물이며 건강한 지방과 단백질을 포함하고 있어 키토 다이어트에 적합합니다.

1) **재료**:
   - 아보카도 1개
   - 계란 2개
   - 버터 1큰술
   - 소금 약간
   - 후추 약간
   - 다진 파슬리 (선택 사항)

2) **단계**:
   1. 아보카도를 반으로 잘라 씨를 제거하고, 숟가락으로 과육을 퍼내어 그릇에 담습니다.
   2. 계란을 그릇에 깨고 소금과 후추를 넣어 잘 섞습니다.
   3. 팬에 버터를 녹이고, 계란 혼합물을 부어 약한 불에서 스크램블합니다.
   4. 계란이 거의 익었을 때 아보카도를 추가하고 함께 섞어줍니다.
   5. 완성된 스크램블을 접시에 담고 다진 파슬리를 뿌려서 서빙합니다.

3) **핵심 팁**:
   - 계란을 너무 익히지 않도록 주의하세요. 부드러운 식감을 유지하는 것이 중요합니다.
   - 아보카도를 미리 잘라놓으면 조리 시간이 단축됩니다.

4) **변형/대체 옵션**:
   - 아보카도 대신 시금치나 브로콜리를 추가하여 영양을 더할 수 있습니다.
   - 치즈를 추가하여 풍미를 높일 수도 있습니다.

이 아침 식사는 약 400-500 칼로리 정도이며, 단백질과 건강한 지방이 풍부하여 포만감을 유지하는 데 도움이 됩니다.",recipe,10,10,True,has_docs
16,초보자도 실패 없는 15분 저녁 레시피 알려줘.,"**요리명: 간단한 볶음밥**

1) **재료**  
- 밥 2공기 (남은 밥 사용 가능)  
- 계란 2개  
- 냉동 야채 믹스 1컵 (당근, 완두콩, 옥수수 등)  
- 대파 1대 (다진 것)  
- 간장 2큰술  
- 식용유 2큰술  
- 소금과 후추 (기호에 따라)  

2) **단계**  
1. 팬에 식용유를 두르고 중불로 가열합니다.  
2. 다진 대파를 넣고 향이 날 때까지 볶습니다.  
3. 계란을 깨고 스크램블 하듯이 볶아줍니다.  
4. 냉동 야채 믹스를 넣고 2-3분간 볶습니다.  
5. 밥을 넣고 잘 섞어가며 볶습니다.  
6. 간장, 소금, 후추로 간을 맞추고 1-2분 더 볶아줍니다.  
7. 완성된 볶음밥을 그릇에 담아 서빙합니다.  

3) **핵심 팁**  
- 남은 밥을 사용하면 볶음밥이 더 잘 섞이고 덩어리지지 않습니다.  
- 간장은 기호에 따라 조절하며, 추가로 고추장이나 고춧가루를 넣어 매콤하게 즐길 수 있습니다.  

4) **변형/대체 옵션**  
- 야채 대신 남은 고기나 해산물을 추가해도 좋습니다.  
- 밥 대신 퀴노아나 오트밀을 사용해도 건강한 변형이 가능합니다.  

**영양 정보**: 이 볶음밥은 탄수화물, 단백질, 비타민이 풍부하여 간단하면서도 영양가 높은 저녁 식사로 적합합니다.",recipe,10,10,True,has_docs
17,에어프라이어만으로 만들 수 있는 치킨요리 있어?,"에어프라이어로 간편하게 만들 수 있는 바삭한 치킨 레시피를 소개할게요. 이 요리는 기름을 최소화하면서도 맛있는 치킨을 즐길 수 있습니다.

1) **재료(계량 포함)**:
   - 닭다리살 또는 닭가슴살 500g
   - 올리브유 1큰술
   - 소금 1작은술
   - 후추 1/2작은술
   - 파프리카 가루 1작은술
   - 마늘 가루 1작은술
   - 양파 가루 1작은술
   - 선택 사항: 고추가루 1/2작은술 (매운맛을 원할 경우)

2) **단계**:
   1. 닭고기를 깨끗이 씻고 물기를 제거한 후, 적당한 크기로 자릅니다.
   2. 큰 볼에 닭고기와 올리브유, 소금, 후추, 파프리카 가루, 마늘 가루, 양파 가루, 고추가루를 넣고 잘 섞어 30분 정도 재워둡니다.
   3. 에어프라이어 바스켓에 닭고기를 겹치지 않게 놓습니다.
   4. 에어프라이어를 200도로 설정하고 20-25분간 조리합니다. 중간에 한 번 뒤집어 주면 더욱 고르게 익습니다.
   5. 치킨이 바삭하게 익으면 꺼내어 잠시 식힌 후 서빙합니다.

3) **핵심 팁**:
   - 닭고기를 재울 때 최소 30분 이상 재우면 더욱 맛이 깊어집니다.
   - 에어프라이어의 종류에 따라 조리 시간이 다를 수 있으니, 중간에 상태를 확인하는 것이 좋습니다.

4) **변형/대체 옵션**:
   - 닭고기 대신 칠면조 고기나 두부로 대체하여 만들 수 있습니다.
   - 다양한 허브(로즈마리, 타임 등)를 추가하여 풍미를 더할 수 있습니다.

이 레시피는 단백질이 풍부하고, 기름을 적게 사용하여 건강한 치킨 요리를 즐길 수 있습니다. 일반적으로 100g당 약 165kcal 정도의 열량이 포함되어 있습니다.",recipe,10,10,True,has_docs
18,오븐 없이 만드는 라자냐 가능한가?,"오븐 없이 만드는 라자냐는 가능합니다! 팬이나 스토브를 이용해 조리할 수 있습니다. 아래는 간단한 레시피입니다.

1) **재료**:
   - 라자냐 면 (프리쿠킹 가능) 9장
   - 다진 소고기 300g
   - 다진 양파 1개
   - 다진 마늘 2쪽
   - 토마토 소스 400g
   - 리코타 치즈 250g
   - 모짜렐라 치즈 200g (갈아서)
   - 파마산 치즈 50g (갈아서)
   - 올리브 오일 2큰술
   - 소금, 후추, 이탈리안 허브 (바질, 오레가노 등) 적당량

2) **단계**:
   1. 팬에 올리브 오일을 두르고 다진 양파와 마늘을 볶아 향을 낸다.
   2. 다진 소고기를 추가하고 고기가 익을 때까지 볶는다. 소금, 후추, 이탈리안 허브로 간을 맞춘다.
   3. 토마토 소스를 넣고 약한 불에서 10분간 끓인다.
   4. 다른 팬에 라자냐 면을 끓는 물에 2-3분간 데친 후, 찬물에 헹궈서 준비한다.
   5. 팬에 고기 소스의 일부를 깔고 그 위에 라자냐 면을 올린 후, 리코타 치즈와 모짜렐라 치즈를 얹는다.
   6. 이 과정을 반복하여 층을 쌓고 마지막에는 남은 고기 소스와 모짜렐라 치즈를 올린다.
   7. 뚜껑을 덮고 중약불에서 20-30분간 익힌다. 치즈가 녹고 버블이 생기면 완성!

3) **핵심 팁**:
   - 라자냐 면을 미리 데쳐서 사용하면 층이 더 잘 쌓이고 조리가 쉬워집니다.
   - 뚜껑을 덮고 조리하면 수분이 유지되어 라자냐가 마르지 않습니다.

4) **변형/대체 옵션**:
   - 고기를 대신해 다진 채소(버섯, 시금치 등)를 사용하여 채식 라자냐로 변형할 수 있습니다.
   - 리코타 치즈 대신 크림치즈나 코티지 치즈를 사용할 수 있습니다.

이렇게 오븐 없이도 맛있는 라자냐를 즐길 수 있습니다!",recipe,10,10,True,has_docs
19,"조리시간 30분 이하, 재료 7개 이하인 파스타 추천.","**요리명: 올리브 오일 파스타**

1) **재료(계량 포함)**  
- 스파게티 면 200g  
- 올리브 오일 4큰술  
- 마늘 3쪽 (다진 것)  
- 빨간 고추 1개 (씨 제거 후 슬라이스)  
- 파르메산 치즈 50g (갈아서)  
- 소금 약간  
- 후추 약간  
 
2) **단계**  
1. 큰 냄비에 물을 끓이고 소금을 넣은 후 스파게티 면을 패키지에 적힌 시간만큼 삶아줍니다.  
2. 면이 삶아지는 동안, 팬에 올리브 오일을 두르고 중불에서 다진 마늘과 슬라이스한 빨간 고추를 넣고 볶아 향을 내줍니다.  
3. 면이 다 삶아지면 체에 걸러 물기를 빼고, 팬에 넣어 볶은 마늘과 고추와 잘 섞어줍니다.  
4. 마지막으로 파르메산 치즈를 넣고 소금과 후추로 간을 맞춘 후, 잘 섞어 접시에 담아냅니다.  

3) **핵심 팁**  
- 마늘을 너무 태우지 않도록 주의하세요. 고소한 맛을 위해 중불에서 볶는 것이 좋습니다.  
- 파스타 면을 삶은 물을 조금 남겨두면, 나중에 소스의 농도를 조절할 때 유용합니다.  

4) **변형/대체 옵션**  
- 올리브 오일 대신 버터를 사용해도 좋습니다.  
- 고추 대신 브로콜리나 시금치 같은 채소를 추가하여 영양을 더할 수 있습니다.  
- 파르메산 치즈 대신 다른 치즈(예: 피타 또는 페코리노)를 사용해도 맛있습니다.  

**영양 정보**: 이 파스타는 약 400-500 칼로리 정도이며, 탄수화물과 건강한 지방이 포함되어 있습니다. 추가 채소를 넣으면 비타민과 미네랄도 보충할 수 있습니다.",recipe,10,10,True,has_docs
20,설거지 최소화 원해. 원팬 레시피 알려줘.,"원팬 요리는 설거지를 최소화하면서도 맛있는 요리를 즐길 수 있는 훌륭한 방법입니다. 여기서는 원팬 치킨과 채소 요리 레시피를 소개할게요.

### 1) 재료
- 닭다리살 500g
- 감자 2개 (중간 크기, 깍둑썰기)
- 당근 1개 (슬라이스)
- 브로콜리 200g (작은 송이로 나누기)
- 올리브유 3큰술
- 소금 1작은술
- 후추 1/2작은술
- 마늘 3쪽 (다진 것)
- 로즈마리 또는 타임 (선택사항)

### 2) 단계
1. 오븐을 200도로 예열합니다.
2. 큰 오븐용 팬에 닭다리살을 놓고, 올리브유, 소금, 후추, 다진 마늘을 넣고 잘 섞어줍니다.
3. 깍둑썰기한 감자와 슬라이스한 당근을 팬에 추가하고, 모든 재료가 잘 섞이도록 합니다.
4. 예열된 오븐에 팬을 넣고 30분간 구워줍니다.
5. 30분 후에 브로콜리를 추가하고, 다시 10-15분 더 구워줍니다. 닭이 잘 익고 채소가 부드러워질 때까지 구워주세요.
6. 다 구워진 후, 오븐에서 꺼내어 잠시 식힌 후 서빙합니다.

### 3) 핵심 팁
- 닭고기와 채소는 같은 팬에서 조리되므로, 서로의 맛이 잘 어우러집니다. 
- 팬에 레몬즙이나 발사믹 식초를 추가하면 더욱 풍미가 살아납니다.

### 4) 변형/대체 옵션
- 닭다리살 대신 닭가슴살이나 다른 고기(돼지고기, 소고기 등)로 대체할 수 있습니다.
- 채소는 계절에 따라 브로콜리 대신 애호박, 파프리카, 양파 등을 사용할 수 있습니다.

이 레시피는 간단하면서도 맛있고, 설거지를 최소화하는 데 큰 도움이 될 것입니다!",recipe,10,10,True,has_docs
21,캠핑에서 버너 하나로 만들 수 있는 국물요리 있을까?,"캠핑에서 버너 하나로 만들 수 있는 국물요리로는 ""간단한 라면""을 추천합니다. 라면은 간편하면서도 다양한 재료를 추가하여 맛을 풍부하게 할 수 있습니다.

1) **재료(계량 포함)**:
   - 라면 1봉지
   - 물 500ml (약 2컵)
   - 대파 1대 (썰어서)
   - 계란 1개
   - 고추 (선택 사항, 썰어서)
   - 김치 (선택 사항, 적당량)
   - 간장 1큰술 (선택 사항)

2) **단계**:
   1. 버너를 켜고 물 500ml를 끓입니다.
   2. 물이 끓으면 라면을 넣고 3-4분간 끓입니다.
   3. 대파와 고추를 추가하여 한소끔 더 끓입니다.
   4. 마지막으로 계란을 깨서 넣고, 원하는 경우 간장을 추가합니다.
   5. 계란이 익으면 불을 끄고, 김치를 곁들여서 서빙합니다.

3) **핵심 팁**:
   - 라면의 면발이 너무 퍼지지 않도록 끓이는 시간을 잘 조절하세요.
   - 추가 재료는 미리 준비해 두면 더욱 간편하게 조리할 수 있습니다.

4) **변형/대체 옵션**:
   - 라면 대신 우동이나 쌀국수를 사용해도 좋습니다.
   - 채소를 추가하여 영양을 높이거나, 해산물이나 고기를 추가하여 풍미를 더할 수 있습니다.

이렇게 간단한 라면 국물요리를 통해 캠핑에서도 따뜻한 한 끼를 즐길 수 있습니다!",recipe,10,10,True,has_docs
22,전자레인지만으로 가능한 건강한 점심 뭐가 있어?,"전자레인지만으로 간편하게 만들 수 있는 건강한 점심으로 ""채소와 닭가슴살을 곁들인 퀴노아 샐러드""를 추천합니다. 이 요리는 영양가가 높고 조리도 간편하여 바쁜 점심시간에 적합합니다.

1) **재료(계량 포함)**  
- 퀴노아 1컵  
- 물 2컵  
- 닭가슴살 150g (미리 조리된 것 또는 전자레인지에서 조리 가능)  
- 오이 1/2개 (작게 썬 것)  
- 방울토마토 10개 (반으로 자른 것)  
- 시금치 또는 아루굴라 1컵  
- 올리브유 1큰술  
- 레몬즙 1큰술  
- 소금과 후추 (기호에 따라)

2) **단계**  
1. 퀴노아를 흐르는 물에 잘 씻은 후, 전자레인지용 용기에 퀴노아와 물을 넣고 뚜껑을 덮어 10-12분간 전자레인지에서 조리합니다.  
2. 닭가슴살은 미리 조리된 것을 사용하거나, 전자레인지에서 5-7분간 조리하여 익힙니다.  
3. 조리된 퀴노아와 닭가슴살을 식힌 후, 오이, 방울토마토, 시금치와 함께 큰 그릇에 넣습니다.  
4. 올리브유와 레몬즙을 추가하고 소금과 후추로 간을 맞춘 후 잘 섞어줍니다.  
5. 접시에 담아 맛있게 즐깁니다.

3) **핵심 팁**  
- 퀴노아는 미리 조리해 두면 더욱 간편하게 사용할 수 있습니다.  
- 다양한 채소를 추가하여 색다른 맛을 즐길 수 있습니다.  

4) **변형/대체 옵션**  
- 닭가슴살 대신 두부나 병아리콩으로 단백질을 대체할 수 있습니다.  
- 올리브유 대신 아보카도 오일이나 참기름으로 풍미를 더할 수 있습니다.  

이 요리는 단백질과 섬유질이 풍부하여 건강한 점심으로 적합합니다.",recipe,10,10,True,has_docs
23,소고기 스테이크 미디엄 레어로 굽는 핵심 포인트 알려줘.,"소고기 스테이크를 미디엄 레어로 굽는 핵심 포인트는 다음과 같습니다.

1) **재료**:
   - 소고기 스테이크 (리브아이, 티본, 필레 미뇽 등) 200-300g
   - 소금 1작은술
   - 후추 1/2작은술
   - 올리브 오일 1큰술
   - 버터 1큰술 (선택 사항)
   - 마늘 1쪽 (선택 사항)
   - 허브 (타임 또는 로즈마리, 선택 사항)

2) **단계**:
   1. 스테이크를 냉장고에서 꺼내 실온에 30분 정도 두어 온도를 맞춘다.
   2. 스테이크 양면에 소금과 후추로 간을 한다.
   3. 중강불로 달군 팬에 올리브 오일을 두르고, 스테이크를 넣는다.
   4. 한 면을 약 4-5분간 구운 후 뒤집는다.
   5. 뒤집은 후, 원한다면 버터, 마늘, 허브를 추가하여 풍미를 더하고, 3-4분 더 구운다.
   6. 스테이크를 팬에서 꺼내고, 5분 정도 휴지시킨 후 썬다.

3) **핵심 팁**:
   - 스테이크의 두께에 따라 조리 시간이 달라질 수 있으므로, 고기의 내부 온도를 확인하는 것이 중요하다. 미디엄 레어는 약 57-60도(135-140도 화씨) 정도가 적당하다.
   - 팬을 너무 차갑게 시작하지 않도록 하여 겉면이 잘 구워지도록 한다.

4) **변형/대체 옵션**:
   - 소금 대신 마리네이드로 간을 해도 좋으며, 다양한 허브와 향신료를 사용하여 풍미를 다양화할 수 있다.
   - 스테이크 대신 다른 고기(닭가슴살, 돼지고기 등)를 사용해도 비슷한 방법으로 조리할 수 있다.

이렇게 하면 미디엄 레어의 완벽한 소고기 스테이크를 즐길 수 있습니다!",recipe,10,10,True,has_docs
24,파스타 면 삶는 물 소금 비율이 어떻게 돼?,"파스타 면을 삶는 물과 소금의 비율은 일반적으로 다음과 같습니다:

1) **재료**:
   - 물: 4리터 (파스타 500g 기준)
   - 소금: 약 1-2 큰술 (15-30g)

2) **단계**:
   1. 큰 냄비에 물을 넣고 끓입니다.
   2. 물이 끓기 시작하면 소금을 넣습니다.
   3. 소금이 녹으면 파스타 면을 넣고 포장지에 적힌 시간에 맞춰 삶습니다.
   4. 삶은 후 체에 받쳐 물기를 제거하고, 원하는 소스와 함께 섞어 제공합니다.

3) **핵심 팁**:
   - 물이 끓기 전에 소금을 넣지 않도록 주의하세요. 소금은 물이 끓는 후에 넣어야 면이 더 맛있게 삶아집니다.
   - 소금의 양은 개인의 취향에 따라 조절할 수 있지만, 일반적으로 1-2 큰술이 적당합니다.

4) **변형/대체 옵션**:
   - 소금을 줄이거나 무염 소금을 사용할 수 있습니다. 또한, 해산물이나 채소를 추가하여 맛을 더할 수 있습니다.",recipe,0,10,False,no_docs
25,닭다리살 수비드로 조리할 때 시간/온도 가이드 알려줘.,"닭다리살을 수비드로 조리할 때의 시간과 온도 가이드는 다음과 같습니다:

1) **재료**:
   - 닭다리살 500g
   - 소금 1작은술
   - 후추 약간
   - 올리브 오일 1큰술 (선택 사항)
   - 허브 (로즈마리, 타임 등) (선택 사항)

2) **단계**:
   1. 닭다리살에 소금과 후추로 간을 한다.
   2. 진공 포장지에 닭다리살을 넣고, 올리브 오일과 허브를 추가한다. 진공 포장한다.
   3. 수비드 기계에 물을 채우고, 65도에서 2시간 동안 조리한다.
   4. 조리가 끝난 후, 닭다리살을 꺼내고 기름을 두른 팬에서 겉면을 살짝 구워 바삭하게 만든다.

3) **핵심 팁**:
   - 수비드 조리 후 팬에서 겉면을 구우면 더욱 풍미가 살아난다.
   - 허브와 향신료를 추가하여 다양한 맛을 낼 수 있다.

4) **변형/대체 옵션**:
   - 닭다리살 대신 닭가슴살을 사용할 수 있으며, 이 경우 조리 시간은 1시간 30분으로 줄일 수 있다.
   - 다양한 양념(간장, 마늘, 생강 등)을 사용하여 아시아풍 맛을 낼 수도 있다.

**영양 정보**: 닭다리살은 단백질이 풍부하고, 비타민 B6와 B12가 포함되어 있어 에너지 대사에 도움을 줍니다.",recipe,10,10,True,has_docs
26,계란 스크램블 부드럽게 만드는 방법 단계별로 설명해줘.,"계란 스크램블을 부드럽게 만드는 방법은 다음과 같습니다.

1) **재료**:
   - 신선한 계란 4개
   - 우유 또는 크림 2큰술 (선택 사항)
   - 소금 1/4작은술
   - 후추 약간
   - 버터 1큰술
   - 다진 파슬리 (선택 사항)

2) **단계**:
   1. 계란을 그릇에 깨고 소금, 후추, 우유(또는 크림)를 추가합니다.
   2. 포크나 거품기로 계란을 잘 풀어줍니다. 이때 공기를 넣어 부드럽게 만들어주세요.
   3. 중약불로 팬을 가열하고 버터를 녹입니다.
   4. 계란 혼합물을 팬에 붓고, 나무주걱이나 스패튤라로 천천히 저어줍니다.
   5. 계란이 살짝 익기 시작하면 불을 줄이고 계속 저어줍니다. 부드러운 덩어리가 형성될 때까지 저어주세요.
   6. 계란이 원하는 농도에 도달하면 불을 끄고, 다진 파슬리를 뿌려서 서빙합니다.

3) **핵심 팁**:
   - 계란을 너무 오래 익히지 않도록 주의하세요. 불을 끈 후에도 잔열로 익어가므로 약간 덜 익힌 상태에서 불을 끄는 것이 좋습니다.
   - 우유나 크림을 추가하면 더욱 부드러운 식감을 얻을 수 있습니다.

4) **변형/대체 옵션**:
   - 우유 대신 아몬드 우유나 코코넛 밀크를 사용해도 좋습니다.
   - 채소(예: 시금치, 토마토, 양파)를 추가하여 영양을 더할 수 있습니다. 이 경우, 채소는 미리 볶아준 후 계란과 함께 조리하세요.

부드러운 계란 스크램블은 아침 식사로 훌륭하며, 영양가도 높아 건강한 선택입니다!",recipe,10,10,True,has_docs
27,타코용 양파 피클 빠르게 만드는 비법 있을까?,"타코용 양파 피클을 빠르게 만드는 비법을 소개할게요. 이 피클은 타코에 신선한 맛을 더해주며, 간단하게 만들 수 있습니다.

1) **재료**:
   - 양파 1개 (중간 크기, 슬라이스)
   - 식초 1컵 (사과식초 또는 화이트 식초)
   - 설탕 2큰술
   - 소금 1작은술
   - 물 1컵
   - 후추, 고추 조각 (선택 사항)

2) **단계**:
   1. 양파를 얇게 슬라이스합니다.
   2. 작은 냄비에 식초, 설탕, 소금, 물을 넣고 중불에서 끓입니다.
   3. 설탕과 소금이 완전히 녹을 때까지 저어줍니다.
   4. 끓인 혼합물을 슬라이스한 양파 위에 부어줍니다.
   5. 양파가 잠길 정도로 액체가 충분한지 확인하고, 뚜껑을 덮어 30분에서 1시간 정도 상온에서 식힙니다.
   6. 필요 시 냉장고에 넣어 보관하며, 1~2일 후에 더욱 맛있게 즐길 수 있습니다.

3) **핵심 팁**:
   - 양파는 빨간 양파를 사용하면 색감이 예쁘고, 단맛이 더해져 좋습니다.
   - 피클을 더 매콤하게 원한다면, 고추 조각이나 칠리 플레이크를 추가하세요.

4) **변형/대체 옵션**:
   - 식초 대신 레몬 주스를 사용해도 상큼한 맛을 낼 수 있습니다.
   - 설탕 대신 꿀이나 메이플 시럽을 사용하여 자연적인 단맛을 추가할 수 있습니다.

이렇게 간단하게 양파 피클을 만들어 타코에 곁들여 보세요!",recipe,10,10,True,has_docs
28,김치찌개 국물 더 깊게 만드는 감칠맛 팁 알려줘.,"김치찌개의 국물을 더 깊고 감칠맛 나게 만드는 방법은 여러 가지가 있습니다. 아래는 그에 대한 팁입니다.

1) **재료**:
   - 잘 익은 김치: 300g
   - 돼지고기 (목살 또는 삼겹살): 200g
   - 두부: 1/2모
   - 양파: 1개
   - 대파: 1대
   - 마늘: 4~5쪽
   - 고춧가루: 1~2큰술
   - 국간장: 1큰술
   - 멸치 육수 또는 다시마 육수: 4컵 (약 1리터)
   - 소금: 적당량
   - 후추: 약간

2) **단계**:
   1. 돼지고기를 적당한 크기로 썰고, 팬에 기름을 두르고 볶아 겉면이 노릇해질 때까지 익힌다.
   2. 잘 익은 김치를 넣고 함께 볶아 김치의 향이 나도록 한다.
   3. 양파와 마늘을 다져서 넣고, 고춧가루를 추가하여 볶는다.
   4. 멸치 육수 또는 다시마 육수를 부어 끓인다.
   5. 끓기 시작하면 두부를 넣고, 국간장으로 간을 맞춘 후 대파를 썰어 넣는다.
   6. 중불에서 15~20분 정도 끓여서 맛을 우려낸다.
   7. 마지막으로 소금과 후추로 간을 맞춘 후 불을 끈다.

3) **핵심 팁**:
   - 멸치 육수나 다시마 육수를 사용하면 깊은 감칠맛을 더할 수 있습니다. 육수를 미리 만들어 두면 더욱 좋습니다.
   - 김치가 오래된 것일수록 찌개에 깊은 맛을 더해줍니다. 
   - 마지막에 참기름을 한 방울 떨어뜨리면 고소한 맛이 더해집니다.

4) **변형/대체 옵션**:
   - 돼지고기 대신 소고기나 닭고기를 사용할 수 있습니다.
   - 해산물을 추가하면 해물김치찌개로 변형할 수 있습니다.
   - 매운맛을 원한다면 청양고추를 추가해도 좋습니다.

이렇게 하면 김치찌개의 국물이 더욱 깊고 풍부한 맛을 느낄 수 있습니다!",recipe,10,10,True,has_docs
29,태국식 그린커리 기본 레시피 알려줘.,"태국식 그린커리는 향신료와 코코넛 밀크의 조화가 매력적인 요리입니다. 아래는 기본 레시피입니다.

1) **재료**  
- 그린 커리 페이스트: 2-3 큰술  
- 코코넛 밀크: 400ml  
- 닭고기(또는 두부): 300g (한입 크기로 자름)  
- 가지: 1개 (한입 크기로 자름)  
- 피망: 1개 (슬라이스)  
- 바질 잎: 한 줌  
- 생강: 1 작은술 (다진 것)  
- 마늘: 2 쪽 (다진 것)  
- 식용유: 2 큰술  
- 간장: 1 큰술  
- 설탕: 1 작은술  
- 물: 100ml  

2) **단계**  
1. 팬에 식용유를 두르고 중불에서 다진 마늘과 생강을 볶아 향을 낸다.  
2. 그린 커리 페이스트를 넣고 1-2분간 볶아 향을 더욱 끌어올린다.  
3. 닭고기를 추가하고 겉면이 익을 때까지 볶는다.  
4. 코코넛 밀크와 물을 넣고 끓인다.  
5. 가지와 피망을 추가하고, 중불에서 10분간 끓인다.  
6. 간장과 설탕으로 간을 맞추고, 마지막에 바질 잎을 넣어 섞는다.  
7. 그릇에 담아 밥과 함께 제공한다.  

3) **핵심 팁**  
- 그린 커리 페이스트의 양은 개인의 취향에 따라 조절할 수 있습니다.  
- 코코넛 밀크는 크리미한 맛을 더해주므로, 좋은 품질의 제품을 사용하는 것이 좋습니다.  

4) **변형/대체 옵션**  
- 닭고기 대신 해산물(새우, 오징어 등)이나 채식 옵션으로 두부를 사용할 수 있습니다.  
- 야채는 계절에 따라 다양하게 변경할 수 있습니다. 예를 들어, 브로콜리, 당근 등을 추가해도 좋습니다.  

**영양 정보**: 그린커리는 단백질과 건강한 지방이 풍부하며, 코코넛 밀크는 중간 사슬 지방산(MCT)을 포함하고 있어 에너지원으로 좋습니다. 다만, 칼로리가 높을 수 있으니 적당량 섭취하는 것이 중요합니다.",recipe,10,10,True,has_docs
30,인도식 버터치킨과 잘 어울리는 사이드 뭐가 있어?,"인도식 버터치킨은 부드럽고 크리미한 소스와 향신료가 조화롭게 어우러진 요리로, 일반적으로 매콤하면서도 달콤한 풍미를 가지고 있습니다. 이 요리는 난(Naan)이나 밥과 함께 즐기는 것이 일반적입니다. 

버터치킨과 잘 어울리는 사이드로는 다음과 같은 것들이 있습니다:

1. **난(Naan)**: 인도식 평평한 빵으로, 버터치킨의 소스를 찍어 먹기에 최적입니다. 부드럽고 쫄깃한 식감이 특징입니다.
   
2. **바스마티 쌀**: 향이 좋은 인도산 쌀로, 버터치킨의 진한 소스를 잘 흡수하여 함께 먹으면 더욱 맛있습니다.

3. **파라타(Paratha)**: 바삭하고 기름진 인도식 빵으로, 버터치킨과 함께 먹으면 풍미가 더해집니다.

4. **라이스 푸리(Rice Puri)**: 바삭한 쌀 튀김으로, 버터치킨의 소스를 찍어 먹기 좋습니다.

이 외에도 다양한 인도식 샐러드나 채소 요리(예: 알루 고비)와 함께 곁들여도 좋습니다.",dish_overview,0,10,False,no_docs
31,멕시코 스트리트 타코 정통 레시피 알려줘.,"멕시코 스트리트 타코는 간단하면서도 풍부한 맛을 자랑하는 인기 있는 길거리 음식입니다. 아래는 정통 멕시코 스트리트 타코의 레시피입니다.

1) **재료**  
- 옥수수 타코 껍질 (또는 밀가루 타코 껍질) 8장  
- 소고기 (예: 플랭크 스테이크 또는 브리스킷) 500g  
- 다진 양파 1개  
- 다진 고수 1/4컵  
- 라임 1개 (즙과 조각으로)  
- 소금과 후추 (기호에 따라)  
- 올리브유 1큰술  
- 고추 가루 (옵션)  

2) **단계**  
1. 소고기를 소금과 후추로 간을 하고, 올리브유를 두른 팬에서 중불로 양면이 갈색이 될 때까지 구워줍니다.  
2. 고기가 익으면 불에서 내리고, 잠시 식힌 후 얇게 썰어줍니다.  
3. 타코 껍질을 따뜻하게 데우고, 각 껍질에 고기를 올립니다.  
4. 다진 양파와 고수를 고기 위에 뿌립니다.  
5. 라임즙을 뿌리고, 원한다면 고추 가루를 추가하여 맛을 조절합니다.  
6. 타코를 접어 손으로 잡고 즐깁니다.  

3) **핵심 팁**  
- 고기를 마리네이드할 때, 오랜 시간 동안 재워두면 더욱 깊은 맛을 낼 수 있습니다.  
- 타코 껍질은 팬에서 살짝 구워서 따뜻하게 먹으면 더욱 맛있습니다.  

4) **변형/대체 옵션**  
- 고기를 닭고기, 돼지고기 또는 채식 옵션으로 대체할 수 있습니다.  
- 토핑으로 아보카도, 살사, 또는 페코 디 가요를 추가하여 다양한 맛을 즐길 수 있습니다.  

이 레시피는 전통적인 멕시코 스트리트 타코의 기본을 잘 보여줍니다. 다양한 재료와 조리법으로 나만의 스타일을 만들어 보세요!",recipe,10,10,True,has_docs
32,이탈리아 정통 카르보나라(크림 없이) 만드는 법 알려줘.,"이탈리아 정통 카르보나라(크림 없이) 만드는 법을 소개합니다. 이 요리는 간단하면서도 깊은 맛을 자랑하는 이탈리아의 대표적인 파스타 요리입니다.

1) **재료(2인분 기준)**  
- 스파게티: 200g  
- 구운 판체타(또는 구운 베이컨): 100g  
- 파르미지아노 레지아노 치즈: 50g (갈아서)  
- 계란: 2개 (노른자만 사용)  
- 후추: 적당량  
- 소금: 적당량 (파스타 삶는 물에)

2) **단계**  
1. 큰 냄비에 물을 끓이고 소금을 넣은 후 스파게티를 포장지의 지시에 따라 알 덴테로 삶습니다.  
2. 그 동안 팬에 판체타를 넣고 중불에서 바삭하게 구워줍니다. 기름이 나오면 불을 끕니다.  
3. 삶은 스파게티를 팬에 넣고 판체타와 잘 섞어줍니다.  
4. 계란 노른자를 그릇에 넣고 갈아놓은 파르미지아노 레지아노와 후추를 섞어줍니다.  
5. 팬에서 불을 끈 상태에서 스파게티에 계란 혼합물을 넣고 재빨리 섞어줍니다. 계란이 스파게티의 열로 익어 크리미한 소스가 됩니다.  
6. 필요에 따라 파스타 삶은 물을 조금 추가하여 농도를 조절합니다.  
7. 접시에 담고 추가로 파르미지아노와 후추를 뿌려서 제공합니다.

3) **핵심 팁**  
- 계란이 스파게티의 열로 익도록 하려면 팬의 불을 끄고 빠르게 섞는 것이 중요합니다.  
- 판체타 대신 구운 베이컨을 사용할 수 있지만, 전통적인 맛을 원한다면 판체타를 추천합니다.  

4) **변형/대체 옵션**  
- 채식 버전으로 만들고 싶다면 판체타 대신 구운 버섯을 사용할 수 있습니다.  
- 치즈의 종류를 변경하여 페코리노 로마노를 사용할 수도 있습니다.  

이 카르보나라는 크림 없이도 풍부하고 크리미한 맛을 즐길 수 있는 정통 이탈리아 요리입니다!",recipe,10,10,True,has_docs
33,한식 집들이 메뉴로 상차림 추천해줘.,"한식 집들이 메뉴로는 다양한 전통 요리를 포함한 상차림이 좋습니다. 아래는 추천하는 메뉴와 함께 각 요리의 재료 및 조리 단계를 정리했습니다.

### 1) 재료
- **잡채**
  - 당면 200g
  - 소고기 100g
  - 당근 1개
  - 시금치 100g
  - 양파 1개
  - 간장 3큰술
  - 설탕 1큰술
  - 참기름 1큰술
  - 다진 마늘 1작은술
  - 후추 약간
  - 식용유

- **김치전**
  - 배추김치 200g
  - 부침가루 1컵
  - 물 1컵
  - 대파 1대
  - 식용유

- **된장찌개**
  - 된장 3큰술
  - 두부 1/2모
  - 애호박 1/2개
  - 양파 1개
  - 대파 1대
  - 물 4컵
  - 마늘 1작은술

- **상추겉절이**
  - 상추 1묶음
  - 고추가루 1큰술
  - 간장 1큰술
  - 참기름 1큰술
  - 다진 마늘 1작은술
  - 통깨 약간

### 2) 단계
1. **잡채 준비**: 당면을 끓는 물에 10분 정도 삶아 찬물에 헹궈 물기를 빼고, 소고기는 얇게 썰어 양념(간장, 설탕, 참기름, 마늘, 후추)하여 볶습니다. 채소도 썰어 볶은 후, 모든 재료를 섞어 볶아줍니다.
2. **김치전 만들기**: 배추김치를 잘게 썰고, 부침가루와 물을 섞어 반죽을 만듭니다. 대파도 썰어 반죽에 넣고, 팬에 기름을 두르고 반죽을 부쳐 노릇하게 익힙니다.
3. **된장찌개 끓이기**: 냄비에 물을 붓고 된장을 풀어 끓입니다. 애호박, 양파, 두부를 넣고 끓이다가 마지막에 대파와 마늘을 넣어 마무리합니다.
4. **상추겉절이 만들기**: 상추를 씻어 물기를 제거하고, 고추가루, 간장, 참기름, 다진 마늘, 통깨를 섞어 드레싱을 만든 후 상추와 버무립니다.

### 3) 핵심 팁
- 잡채는 재료를 볶을 때 불 조절을 잘하여 재료가 타지 않도록 합니다.
- 김치전은 기름을 충분히 두르고 중불에서 천천히 익히면 바삭하게 됩니다.
- 된장찌개는 된장을 미리 물에 풀어 놓으면 더 쉽게 잘 풀립니다.

### 4) 변형/대체 옵션
- 잡채의 고기를 닭고기나 버섯으로 대체할 수 있습니다.
- 김치전 대신 해물파전을 만들어도 좋습니다.
- 된장찌개에 감자나 버섯을 추가하여 다양한 맛을 낼 수 있습니다.

이렇게 준비하면 한식 집들이에 적합한 풍성하고 맛있는 상차림이 완성됩니다!",recipe,10,10,True,has_docs
34,일본식 덮밥(돈부리) 중 20분 레시피 추천해줘.,"일본식 덮밥인 돈부리 중에서 간단하고 빠르게 만들 수 있는 '닭고기 덮밥(야키토리 돈부리)' 레시피를 소개할게요. 이 요리는 20분 안에 완성할 수 있습니다.

1) **재료(2인분 기준)**  
- 닭 가슴살 또는 허벅지살 300g  
- 양파 1개  
- 대파 1대  
- 간장 3큰술  
- 미림(또는 요리용 술) 2큰술  
- 설탕 1큰술  
- 식용유 1큰술  
- 밥 2공기  
- 계란 2개 (선택 사항)  
- 참깨(선택 사항)  

2) **단계**  
1. 닭고기를 한 입 크기로 썰고, 양파는 채 썰고 대파는 송송 썬다.  
2. 팬에 식용유를 두르고 중불에서 양파를 볶다가 투명해지면 닭고기를 넣고 볶는다.  
3. 닭고기가 익기 시작하면 간장, 미림, 설탕을 넣고 잘 섞어가며 볶는다.  
4. 닭고기가 완전히 익으면 대파를 넣고 1-2분 더 볶는다.  
5. 밥을 그릇에 담고 볶은 닭고기를 올린 후, 원한다면 계란 프라이를 얹는다.  
6. 참깨를 뿌려서 마무리한다.  

3) **핵심 팁**  
- 닭고기를 미리 재워두면 더욱 깊은 맛을 낼 수 있습니다.  
- 계란은 반숙으로 조리하면 더욱 부드러운 맛을 느낄 수 있습니다.  

4) **변형/대체 옵션**  
- 닭고기 대신 소고기나 돼지고기를 사용할 수 있습니다.  
- 채소를 추가하고 싶다면 시금치나 버섯을 넣어도 좋습니다.  
- 간장을 저염 간장으로 대체하면 나트륨을 줄일 수 있습니다.  

이 레시피는 간단하면서도 맛있고, 20분 안에 준비할 수 있어 바쁜 일상 속에서도 쉽게 즐길 수 있는 일본식 덮밥입니다.",recipe,10,10,True,has_docs
35,간장 대신 사용할 수 있는 재료와 비율 알려줘.,"간장은 요리에서 중요한 맛을 제공하는 재료입니다. 간장을 대체할 수 있는 몇 가지 재료와 비율을 소개하겠습니다.

1. **타마리**: 간장과 비슷한 맛을 가지고 있으며, 글루텐이 없는 옵션입니다. 간장 대신 1:1 비율로 사용 가능합니다.

2. **코코넛 아미노**: 코코넛에서 추출한 대체재로, 더 달콤하고 짭짤한 맛을 제공합니다. 간장 대신 1:1 비율로 사용하되, 단맛이 강하므로 필요에 따라 양을 조절할 수 있습니다.

3. **우스터 소스**: 간장보다 더 복합적인 맛을 가지고 있으며, 약간의 단맛과 신맛이 있습니다. 간장 대신 1:1 비율로 사용하되, 요리에 따라 맛을 조절하는 것이 좋습니다.

4. **소금물**: 간장의 짭짤한 맛을 대체할 수 있지만, 풍미가 부족할 수 있습니다. 간장 1큰술 대신 소금 1/2작은술과 물 1큰술을 섞어 사용하세요.

이러한 대체재들은 요리의 종류에 따라 다르게 작용할 수 있으니, 각 재료의 맛을 고려하여 적절히 조절해 사용하시기 바랍니다.",substitution,10,10,True,has_docs
36,버터 없는 베이킹에서 오일로 치환하는 방법은?,"버터 없는 베이킹에서 오일로 치환하는 방법은 간단합니다. 일반적으로 버터 대신 식물성 오일을 사용할 수 있으며, 비율은 대체할 버터의 양의 약 75%에서 80% 정도로 조정하는 것이 좋습니다. 예를 들어, 1컵의 버터를 사용하는 레시피에서는 약 3/4컵에서 4/5컵의 오일을 사용하면 됩니다.

오일을 사용할 때 주의할 점은 풍미와 질감이 달라질 수 있다는 것입니다. 버터는 고소한 맛과 부드러운 질감을 제공하는 반면, 오일은 더 가벼운 맛을 주기 때문에, 풍미를 보완하기 위해 바닐라 추출물이나 아몬드 추출물 같은 향미료를 추가하는 것도 좋은 방법입니다. 또한, 오일의 종류에 따라 맛이 달라질 수 있으니, 올리브 오일보다는 해바라기유나 코코넛 오일 같은 중성적인 맛의 오일을 사용하는 것이 좋습니다.

이러한 방법으로 오일을 활용하면 건강한 베이킹이 가능하며, 다양한 베이킹 레시피에 적용할 수 있습니다.",substitution,10,10,True,has_docs
37,밀가루 2컵을 아몬드가루로 바꾸려면 얼마나 써야 해?,"밀가루 2컵을 아몬드가루로 대체할 때는 아몬드가루의 흡수력이 다르기 때문에 비율을 조정해야 합니다. 일반적으로 아몬드가루는 밀가루보다 더 많은 수분을 흡수하므로, 밀가루 1컵에 대해 아몬드가루는 약 1컵에서 1컵 반 정도 사용하면 적절합니다. 따라서 밀가루 2컵을 아몬드가루로 대체할 때는 약 1컵에서 1컵 반의 아몬드가루를 사용하고, 반죽의 질감을 보면서 조절하는 것이 좋습니다.

주의할 점은 아몬드가루는 글루텐이 없기 때문에, 밀가루로 만든 것과 같은 식감을 원할 경우 다른 결합제를 추가하는 것이 필요할 수 있습니다. 예를 들어, 계란이나 아마씨 가루를 추가하여 결합력을 높이는 방법이 있습니다.",substitution,0,10,False,no_docs
38,4인분 레시피를 10인분으로 늘릴 때 주의점은?,"4인분 레시피를 10인분으로 늘릴 때 주의할 점은 다음과 같습니다:

1. **재료 비율 조정**: 모든 재료의 양을 2.5배로 늘리되, 일부 향신료나 소스는 맛의 균형을 고려하여 조금 덜 넣는 것이 좋습니다. 예를 들어, 소금이나 후추는 한 번에 2배로 늘리고, 나중에 맛을 보고 조절하는 것이 좋습니다.

2. **조리 시간 조정**: 양이 많아지면 조리 시간이 늘어날 수 있습니다. 특히 오븐이나 팬에서 조리할 때는 한 번에 조리할 수 있는 양이 제한적이므로, 여러 번 나누어 조리해야 할 수도 있습니다.

3. **조리 도구**: 큰 양을 조리하기 위해서는 더 큰 용기나 팬이 필요할 수 있습니다. 적절한 크기의 조리 도구를 준비해야 합니다.

4. **맛 조절**: 대량 조리 시, 맛이 균일하게 퍼지지 않을 수 있으므로, 중간에 맛을 보며 조절하는 것이 중요합니다.

5. **서빙 방법**: 대량으로 조리한 음식을 어떻게 서빙할지 미리 계획해야 합니다. 큰 접시나 용기를 준비하고, 필요한 경우 따로 나누어 서빙할 수 있도록 합니다.

이러한 점들을 고려하면 4인분 레시피를 10인분으로 성공적으로 늘릴 수 있습니다.",recipe,10,10,True,has_docs
39,컵→그램 변환표(밀가루/설탕/버터) 간단히 알려줘.,"컵을 그램으로 변환할 때, 일반적으로 사용되는 밀가루, 설탕, 버터의 대략적인 변환 비율은 다음과 같습니다:

- **밀가루**: 1컵 ? 120g
- **설탕**: 1컵 ? 200g (흰 설탕 기준)
- **버터**: 1컵 ? 227g

이 비율을 참고하여 요리할 때 필요한 재료의 양을 쉽게 변환할 수 있습니다. 각 재료의 밀도에 따라 약간의 차이가 있을 수 있으니, 정확한 계량이 필요할 경우 주의가 필요합니다.",substitution,10,10,True,has_docs
40,신선 바질 없을 때 대체 허브와 양 조절 팁 알려줘.,"신선 바질이 없을 때는 다음과 같은 허브로 대체할 수 있습니다:

1. **건조 바질**: 신선 바질의 풍미를 가장 비슷하게 대체할 수 있습니다. 일반적으로 신선 바질 1컵은 건조 바질 1-2 큰술로 대체할 수 있습니다. 건조 바질은 향이 강하므로 양을 조절할 때 주의가 필요합니다.

2. **오레가노**: 이 허브는 바질과 비슷한 향을 가지고 있으며, 이탈리안 요리에 잘 어울립니다. 신선 바질 대신 오레가노를 사용할 경우, 1컵의 신선 바질에 대해 1 큰술의 오레가노를 추천합니다.

3. **타임**: 타임은 바질과는 다른 향이지만, 요리에 깊이를 더해줄 수 있습니다. 신선 바질 대신 1컵에 대해 1 작은술의 타임을 사용할 수 있습니다.

요리명: 바질 페스토 (예시)
단계 요약: 바질을 갈아 올리브 오일, 파르미지아노 레지아노, 마늘과 함께 섞어 페스토를 만듭니다. 신선 바질이 없을 경우 위의 대체 허브를 사용하여 비율을 조절하며 풍미를 조절하세요.",substitution,10,10,True,has_docs
41,남은 로티세리 치킨으로 10분 점심 만들기 아이디어 줘.,"남은 로티세리 치킨으로 간편하게 만들 수 있는 ""치킨 샐러드 랩"" 레시피를 소개할게요. 이 요리는 빠르고 간단하며, 영양가도 높습니다.

1) **재료**  
- 남은 로티세리 치킨 1컵 (잘게 찢은 것)  
- 혼합 샐러드 채소 2컵  
- 방울토마토 1컵 (반으로 자른 것)  
- 아보카도 1개 (슬라이스)  
- 통밀 또띠아 2장  
- 드레싱 (올리브 오일, 레몬즙, 소금, 후추) 적당량  

2) **단계**  
1. 큰 볼에 찢은 로티세리 치킨, 혼합 샐러드 채소, 방울토마토, 아보카도를 넣습니다.  
2. 드레싱 재료를 섞어 샐러드 재료에 뿌리고 잘 섞습니다.  
3. 또띠아 위에 샐러드 혼합물을 올리고, 양쪽 끝을 접고 말아줍니다.  
4. 랩을 반으로 잘라서 서빙합니다.  

3) **핵심 팁**  
- 드레싱은 개인 취향에 따라 바꿀 수 있으며, 요거트 드레싱이나 바비큐 소스를 사용해도 좋습니다.  
- 남은 치킨이 없다면, 통조림 치킨이나 구운 닭가슴살로 대체할 수 있습니다.  

4) **변형/대체 옵션**  
- 채소를 추가하거나 변경할 수 있습니다. 예를 들어, 오이, 당근, 피망 등을 넣어도 좋습니다.  
- 또띠아 대신 로메인 상추를 사용하면 저탄수화물 옵션이 됩니다.  

이렇게 간단하게 남은 로티세리 치킨으로 맛있는 점심을 만들 수 있습니다!",recipe,10,10,True,has_docs
42,남은 밥으로 만들 수 있는 이색 볶음밥 레시피 알려줘.,"남은 밥으로 만들 수 있는 이색 볶음밥 레시피는 ""치즈 김치 볶음밥""입니다. 이 볶음밥은 김치의 매콤함과 치즈의 고소함이 어우러져 특별한 맛을 제공합니다.

1) **재료**  
- 남은 밥 2공기  
- 김치 1컵 (잘게 썬 것)  
- 양파 1/2개 (다진 것)  
- 대파 1대 (송송 썬 것)  
- 치즈 (모짜렐라 또는 체다) 1컵  
- 식용유 2큰술  
- 간장 1큰술  
- 후추 약간  
- 참기름 1작은술  

2) **단계**  
1. 팬에 식용유를 두르고 중불로 가열합니다.  
2. 다진 양파와 대파를 넣고 투명해질 때까지 볶습니다.  
3. 잘게 썬 김치를 추가하고 2-3분간 볶아 김치의 맛을 끌어냅니다.  
4. 남은 밥을 넣고 간장과 후추로 간을 하며 잘 섞어가며 볶습니다.  
5. 마지막으로 치즈를 넣고 치즈가 녹을 때까지 볶습니다.  
6. 불을 끄고 참기름을 뿌린 후 잘 섞어 접시에 담아냅니다.  

3) **핵심 팁**  
- 김치의 숙성 정도에 따라 매운맛이 달라지므로, 기호에 맞게 조절하세요.  
- 치즈는 좋아하는 종류로 변경 가능하며, 고소한 맛을 더하고 싶다면 치즈를 추가로 올려도 좋습니다.  

4) **변형/대체 옵션**  
- 김치 대신 볶은 채소(당근, 피망 등)를 사용해도 좋습니다.  
- 치즈 대신 계란을 추가하여 더욱 부드러운 식감을 줄 수 있습니다.  

이 볶음밥은 간단하면서도 맛있고, 남은 밥을 활용하기 좋은 레시피입니다!",recipe,10,10,True,has_docs
43,삶은 파스타 면이 남았어. 마르는 거 방지 팁과 활용법?,"삶은 파스타 면을 보관할 때는 마르는 것을 방지하기 위해 몇 가지 방법을 활용할 수 있습니다. 먼저, 파스타 면을 식힌 후, 올리브 오일이나 식용유를 살짝 뿌려서 면이 서로 붙지 않도록 해주세요. 그런 다음 밀폐 용기에 담아 냉장고에 보관하면 됩니다. 이때, 보관 온도는 4도 이하로 유지하는 것이 좋습니다.

파스타 면은 일반적으로 냉장고에서 3~5일 정도 보관할 수 있으며, 그 이후에는 품질이 저하될 수 있습니다. 활용법으로는, 남은 파스타를 볶음 요리나 샐러드에 추가하거나, 소스를 곁들여 간편한 한 끼로 만들 수 있습니다. 또한, 파스타를 냉동 보관하고 싶다면, 삶은 후 물기를 제거하고 냉동용 밀폐 봉지에 담아 공기를 최대한 빼고 냉동하면 2~3개월까지 보관할 수 있습니다. 해동할 때는 냉장고에서 서서히 해동하거나, 끓는 물에 잠깐 담갔다가 사용하면 됩니다.",storage,10,10,True,has_docs
44,익은 아보카도 빨리 써야 해. 샐러드 말고 다른 레시피 있어?,"익은 아보카도를 활용한 맛있는 레시피로 '아보카도 크림 파스타'를 추천합니다. 이 요리는 간단하면서도 풍부한 맛을 자랑합니다.

1) **재료**:
   - 익은 아보카도 1개
   - 올리브 오일 2큰술
   - 마늘 2쪽 (다진 것)
   - 레몬 주스 1큰술
   - 파스타 200g (스파게티나 펜네 등)
   - 소금, 후추 (맛 조절용)
   - 파마산 치즈 (선택사항)
   - 신선한 바질 (선택사항)

2) **단계**:
   1. 파스타를 끓는 소금물에 넣고 포장지에 적힌 시간에 맞춰 삶습니다.
   2. 그 동안, 아보카도를 반으로 갈라 씨를 제거하고, 과육을 그릇에 담아 포크로 으깹니다.
   3. 으깬 아보카도에 올리브 오일, 다진 마늘, 레몬 주스를 넣고 잘 섞어 크림 같은 질감을 만듭니다.
   4. 삶은 파스타를 체에 걸러 물기를 빼고, 아보카도 크림 소스와 잘 섞습니다.
   5. 소금과 후추로 간을 맞추고, 원한다면 파마산 치즈와 바질을 뿌려서 서빙합니다.

3) **핵심 팁**:
   - 아보카도를 너무 많이 으깨지 말고 약간 덩어리가 남도록 하면 식감이 더 좋습니다.
   - 레몬 주스는 아보카도의 갈변을 방지해줍니다.

4) **변형/대체 옵션**:
   - 파스타 대신 퀴노아나 쌀로 대체할 수 있습니다.
   - 마늘 대신 양파를 사용하거나, 매운 맛을 원한다면 칠리 플레이크를 추가해도 좋습니다.

이 레시피는 아보카도의 크리미한 질감과 맛을 최대한 활용할 수 있어, 빠르게 익은 아보카도를 소진하는 데 유용합니다!",recipe,10,10,True,has_docs
45,매운거 잘 못 먹어. 이전에 추천한 레시피 덜 맵게 바꿔줘.,"매운 요리를 덜 맵게 만드는 방법은 여러 가지가 있습니다. 일반적으로 매운맛을 줄이기 위해 다음과 같은 대체 재료나 조리법을 사용할 수 있습니다.

1) **재료(계량 포함)**:
   - 고추가루: 1큰술 (대신 고춧가루의 양을 줄이거나, 매운맛이 없는 파프리카 가루로 대체)
   - 고추: 1개 (대신 피망이나 파프리카로 대체)
   - 생강: 1작은술 (선택 사항, 생강의 양을 줄이거나 생략)
   - 마늘: 2쪽 (마늘은 매운맛을 줄이는 데 도움을 줄 수 있음)
   - 소금: 1작은술
   - 설탕: 1작은술 (단맛이 매운맛을 중화시킴)
   - 기타 재료: 기본 재료는 그대로 사용

2) **단계(번호 목록)**:
   1. 재료를 준비합니다. 매운 고추 대신 피망이나 파프리카를 사용합니다.
   2. 팬에 기름을 두르고 다진 마늘을 볶아 향을 낸 후, 준비한 재료를 넣고 볶습니다.
   3. 고추가루를 넣고 볶다가, 필요에 따라 물이나 육수를 추가해 조리합니다.
   4. 소금과 설탕으로 간을 맞추고, 마지막에 불을 끕니다.

3) **핵심 팁**:
   - 매운맛을 줄이기 위해 고추가루의 양을 최소화하고, 대신 단맛이 있는 재료(예: 설탕, 당근)를 추가하면 매운맛을 중화할 수 있습니다.
   - 요리를 마친 후, 간을 보고 필요시 소금을 추가하여 맛을 조절하세요.

4) **변형/대체 옵션**:
   - 매운 소스를 사용해야 하는 경우, 매운 소스의 양을 줄이고 대신 달콤한 소스를 추가하여 조화롭게 만들 수 있습니다.
   - 요리에 크림이나 요거트를 추가하면 매운맛을 부드럽게 만들 수 있습니다.

이렇게 조리하면 매운맛을 줄이면서도 맛있는 요리를 즐길 수 있습니다!",recipe,10,10,True,has_docs
46,"방금 준 파스타 레시피, 버섯 알레르기 반영해서 수정해줘.","죄송하지만, 제공된 파스타 레시피가 없어서 구체적인 수정이 어렵습니다. 대신 일반적인 파스타 레시피를 제공하고, 버섯을 제외한 대체 재료를 제안해 드리겠습니다.

1) **재료**:
   - 스파게티 면 200g
   - 올리브 오일 2 큰술
   - 마늘 3쪽 (다진 것)
   - 방울토마토 200g (반으로 자른 것)
   - 시금치 100g
   - 소금, 후추 (기호에 맞게)
   - 파마산 치즈 (선택 사항)

2) **단계**:
   1. 큰 냄비에 물을 끓이고, 소금을 넣은 후 스파게티 면을 포장 지침에 따라 삶습니다.
   2. 팬에 올리브 오일을 두르고 중불에서 다진 마늘을 볶아 향을 내줍니다.
   3. 방울토마토를 추가하고 5분 정도 볶아줍니다.
   4. 시금치를 넣고 시금치가 시들 때까지 볶습니다.
   5. 삶은 스파게티 면을 팬에 넣고 잘 섞어줍니다. 소금과 후추로 간을 맞춥니다.
   6. 원한다면 파마산 치즈를 뿌려서 서빙합니다.

3) **핵심 팁**:
   - 면을 삶을 때 소금을 충분히 넣으면 면에 간이 배어 더욱 맛있습니다.
   - 시금치 대신 다른 채소(예: 브로콜리, 애호박 등)를 사용해도 좋습니다.

4) **변형/대체 옵션**:
   - 버섯 대신 다른 채소를 추가하거나, 닭고기나 새우를 넣어 단백질을 보충할 수 있습니다.
   - 글루텐 프리 파스타를 사용하여 글루텐 알레르기가 있는 분들도 즐길 수 있습니다.

이 레시피는 간단하면서도 맛있고, 버섯 알레르기가 있는 분들도 안전하게 즐길 수 있습니다!",recipe,10,10,True,has_docs
47,그 레시피를 에어프라이어 버전으로 변환해줄래?,"레시피에 대한 구체적인 정보가 제공되지 않았습니다. 하지만 일반적인 에어프라이어 요리법으로 변환하는 방법을 안내해드리겠습니다. 예를 들어, 닭 날개 요리를 에어프라이어로 만드는 방법을 설명하겠습니다.

1) 재료:
- 닭 날개 1kg
- 올리브 오일 2큰술
- 소금 1작은술
- 후추 1작은술
- 마늘 가루 1작은술
- 파프리카 가루 1작은술
- 고추가루 (선택사항) 1/2작은술

2) 단계:
1. 닭 날개를 씻고 물기를 제거한 후 큰 볼에 담습니다.
2. 올리브 오일, 소금, 후추, 마늘 가루, 파프리카 가루, 고추가루를 넣고 잘 섞어 양념을 입힙니다.
3. 에어프라이어를 180도로 예열합니다.
4. 양념한 닭 날개를 에어프라이어 바구니에 겹치지 않게 넣습니다.
5. 25~30분 동안 조리하며 중간에 한 번 뒤집어 줍니다.
6. 바삭하게 구워지면 꺼내어 접시에 담고, 원하는 소스와 함께 제공합니다.

3) 핵심 팁:
- 에어프라이어의 모델에 따라 조리 시간이 다를 수 있으니, 중간에 상태를 확인하는 것이 좋습니다.
- 바삭한 식감을 원한다면, 조리 전에 닭 날개를 냉장고에 잠시 두어 수분을 제거하면 좋습니다.

4) 변형/대체 옵션:
- 닭 날개 대신 닭 가슴살이나 다른 부위를 사용할 수 있으며, 양념도 취향에 따라 바꿀 수 있습니다. 예를 들어, 바베큐 소스나 스파이시 소스를 사용해도 좋습니다.

이와 같은 방식으로 다른 레시피도 에어프라이어 버전으로 변환할 수 있습니다. 특정 레시피가 필요하다면 알려주세요!",recipe,10,10,True,has_docs
48,재료가 ‘베이컨 100g?’ 정확히 몇 줄 정도야?,"베이컨 100g은 약 4~5줄 정도로 잘라서 사용할 수 있습니다. 일반적으로 베이컨 한 줄의 두께는 약 1~2cm 정도이므로, 100g의 베이컨을 적당한 크기로 자르면 요리하기에 편리합니다. 베이컨을 조리할 때는 팬에 기름을 약간 두르고 중불로 구워주면 바삭하게 익힐 수 있습니다.",unknown,0,10,False,no_docs
49,‘코리앤더’가 고수 맞지? 고수 싫으면 뭘로 대체해?,"네, '코리앤더'는 고수의 다른 이름입니다. 고수의 특유의 향과 맛이 싫다면, 대체재로는 '파슬리'를 추천합니다. 파슬리는 고수보다 더 부드럽고 상큼한 맛을 가지고 있어, 고수의 향을 대체하는 데 적합합니다. 

대체 비율은 고수의 양을 기준으로 1:1로 사용하면 좋습니다. 그러나 파슬리는 고수보다 맛이 덜 강하므로, 필요에 따라 양을 조절해 사용하는 것이 좋습니다. 또한, 고수의 특유의 향이 그리워진다면, 약간의 레몬 제스트를 추가하면 상큼함을 더할 수 있습니다.",substitution,10,10,True,has_docs
50,레시피에 ‘한 꼬집’이 몇 g 정도야?,"‘한 꼬집’은 일반적으로 약 0.5g에서 1g 정도의 양을 의미합니다. 이는 주로 소금이나 향신료와 같은 작은 양의 재료를 측정할 때 사용됩니다. 요리에서 ‘한 꼬집’은 맛을 조절하는 데 유용하며, 너무 많은 양을 사용하면 맛이 과해질 수 있으므로 주의가 필요합니다. 따라서, 처음에는 적은 양으로 시작하고 필요에 따라 조금씩 추가하는 것이 좋습니다.",substitution,0,10,False,no_docs
51,"오늘 뭐 먹을지 모르겠어. 내 냉장고 재료로 메뉴 추천해줘: 계란, 시금치, 우유, 식빵.","제안드리는 메뉴는 ""시금치 계란 토스트""입니다. 간단하게 만들 수 있으며, 건강한 아침이나 간식으로 좋습니다.

1) **재료**  
- 계란 2개  
- 시금치 100g  
- 우유 2큰술  
- 식빵 2장  
- 소금, 후추 약간  
- 버터 또는 식용유 (팬에 구울 때 사용)

2) **단계**  
1. 시금치는 깨끗이 씻고 물기를 제거한 후, 팬에 버터나 식용유를 두르고 볶아줍니다.  
2. 시금치가 숨이 죽으면, 계란을 깨고 우유를 넣어 잘 섞어줍니다. 소금과 후추로 간을 맞춥니다.  
3. 시금치와 계란 혼합물을 팬에 붓고 약한 불에서 익힙니다.  
4. 다른 팬에서 식빵을 구워 바삭하게 만듭니다.  
5. 구운 식빵 위에 시금치 계란 혼합물을 올리고, 원한다면 치즈를 추가해도 좋습니다.  

3) **핵심 팁**  
- 시금치를 볶을 때 너무 오래 익히지 않도록 주의하세요. 아삭한 식감을 유지하는 것이 좋습니다.  
- 계란 혼합물을 너무 세게 저어주지 않도록 하여 부드러운 식감을 유지하세요.  

4) **변형/대체 옵션**  
- 시금치 대신 다른 채소(예: 브로콜리, 양파)를 사용해도 좋습니다.  
- 우유 대신 크림이나 요거트를 사용하여 더 풍부한 맛을 낼 수 있습니다.  
- 식빵 대신 토르티야를 사용하여 랩 형태로 만들어도 맛있습니다.  

이 레시피는 영양가가 높고, 단백질과 비타민이 풍부하여 건강한 한 끼를 제공합니다.",recipe,10,10,True,has_docs
52,디저트 말고 담백한 야식 추천해줘.,"담백한 야식으로 추천할 수 있는 요리는 '닭가슴살 샐러드'입니다. 이 요리는 건강하면서도 가벼운 맛을 자랑하며, 다양한 채소와 함께 즐길 수 있어 풍미가 풍부합니다. 조리 난이도는 낮고, 소요 시간은 약 20-30분 정도입니다.

**기본 재료:**
- 닭가슴살
- 샐러드 채소 (상추, 시금치, 방울토마토 등)
- 올리브유
- 레몬즙
- 소금, 후추

**조리 단계 요약:**
1. 닭가슴살을 소금과 후추로 간을 한 후, 팬에서 구워줍니다.
2. 샐러드 채소를 씻고 준비합니다.
3. 구운 닭가슴살을 슬라이스하여 샐러드 위에 올리고, 올리브유와 레몬즙으로 드레싱을 만들어 뿌립니다.

**대표 변형:**
- 그릴드 야채를 추가하여 더욱 풍부한 맛을 낼 수 있습니다.
- 아보카도나 견과류를 넣어 영양가를 높일 수도 있습니다.

이렇게 간단하게 만들 수 있는 닭가슴살 샐러드는 담백하면서도 포만감을 주어 야식으로 적합합니다.",dish_overview,0,10,False,no_docs
53,밀프렙으로 3일치 만들 수 있는 닭가슴살 레시피 알려줘.,"**닭가슴살 밀프렙 레시피 (3일치)**

1) **재료**  
- 닭가슴살 600g  
- 올리브유 3큰술  
- 소금 1작은술  
- 후추 1/2작은술  
- 파프리카 가루 1작은술  
- 마늘 가루 1작은술  
- 양파 가루 1작은술  
- 레몬즙 2큰술  
- 브로콜리 300g  
- 당근 2개  
- 현미 또는 퀴노아 1컵 (조리된 상태)

2) **단계**  
1. 닭가슴살을 깨끗이 씻고, 올리브유, 소금, 후추, 파프리카 가루, 마늘 가루, 양파 가루, 레몬즙을 섞어 마리네이드 소스를 만든다.  
2. 닭가슴살을 마리네이드 소스에 30분 이상 재운다.  
3. 브로콜리와 당근은 먹기 좋은 크기로 자르고, 끓는 물에 3-5분간 데친 후 찬물에 헹궈 색을 유지한다.  
4. 팬에 닭가슴살을 중불에서 6-7분씩 양면을 구워 익힌다. (내부 온도가 75도 이상이 되어야 함)  
5. 구운 닭가슴살을 식힌 후 슬라이스한다.  
6. 밀프렙 용기에 조리된 현미 또는 퀴노아, 구운 닭가슴살, 데친 브로콜리와 당근을 나누어 담는다.  
7. 밀프렙 용기를 밀폐하여 냉장 보관한다.  

3) **핵심 팁**  
- 닭가슴살을 재울 때는 최소 30분 이상 재우는 것이 맛을 더 잘 배게 한다.  
- 밀프렙 용기는 유리나 BPA-free 플라스틱 용기를 사용하면 좋다.  
- 조리된 닭가슴살은 냉장고에서 3-4일간 보관 가능하다.  

4) **변형/대체 옵션**  
- 닭가슴살 대신 칠면조 가슴살이나 두부를 사용해도 좋다.  
- 야채는 취향에 따라 브로콜리 대신 시금치, 아스파라거스 등을 사용해도 된다.  
- 향신료를 바꿔서 다양한 맛을 시도해볼 수 있다. (예: 이탈리안 허브, 커리 가루 등)  

이 레시피로 3일치 건강한 밀프렙을 손쉽게 준비할 수 있습니다!",recipe,10,10,True,has_docs
54,"아이들용 순한 카레 레시피, 매운 맛 없이 부탁해.","아이들용 순한 카레 레시피를 소개합니다. 이 카레는 매운 맛이 없고 부드러운 맛으로 아이들이 좋아할 만한 요리입니다.

1) **재료**  
- 감자 2개 (중간 크기)  
- 당근 1개 (중간 크기)  
- 양파 1개 (중간 크기)  
- 브로콜리 100g  
- 카레 가루 2큰술  
- 물 3컵  
- 식용유 1큰술  
- 소금 약간  
- 후추 약간  
- 우유 1/2컵 (선택 사항, 부드러움을 위해)

2) **단계**  
1. 감자, 당근, 양파는 깍둑썰기하고 브로콜리는 작은 송이로 나눕니다.  
2. 팬에 식용유를 두르고 양파를 넣어 투명해질 때까지 볶습니다.  
3. 감자와 당근을 추가하고 5분 정도 더 볶습니다.  
4. 물을 붓고 끓인 후, 중불로 줄여 10분 정도 끓입니다.  
5. 브로콜리를 넣고 카레 가루를 추가한 후, 잘 섞어줍니다.  
6. 5분 정도 더 끓인 후, 소금과 후추로 간을 맞추고, 원한다면 우유를 넣어 부드럽게 합니다.  
7. 불을 끄고 잠시 식힌 후, 그릇에 담아 서빙합니다.

3) **핵심 팁**  
- 카레 가루는 아이들이 좋아하는 순한 종류를 선택하세요.  
- 우유를 추가하면 더욱 부드럽고 크리미한 맛이 납니다.  
- 채소는 아이들이 좋아하는 것으로 변형할 수 있습니다.

4) **변형/대체 옵션**  
- 고기를 추가하고 싶다면 닭고기나 돼지고기를 작은 조각으로 썰어 함께 볶아주세요.  
- 채소는 호박, 피망 등으로 대체 가능하며, 아이들이 좋아하는 재료를 활용하세요.  
- 카레 가루 대신 카레 페이스트를 사용할 수 있으며, 이 경우 양을 조절하세요.  

이 레시피는 영양가가 높고, 아이들이 쉽게 먹을 수 있는 맛으로 구성되어 있습니다.",recipe,10,10,True,has_docs
55,"저번에 말한 타코 소스, 장보기 리스트로 정리해줘.","타코 소스를 만들기 위한 장보기 리스트를 아래와 같이 정리해 드릴게요.

### 타코 소스 재료 리스트:
1. **토마토** - 2~3개 (신선한 토마토 또는 캔 토마토)
2. **양파** - 1개 (중간 크기)
3. **마늘** - 2~3쪽
4. **고추** - 1~2개 (스파이시한 맛을 원하면 할라피뇨 추천)
5. **올리브 오일** - 2큰술
6. **소금** - 적당량
7. **후추** - 적당량
8. **고수** - 한 줌 (선택 사항)
9. **레몬 또는 라임 주스** - 1큰술

### 요리 단계 요약:
1. **재료 준비**: 토마토, 양파, 마늘, 고추를 잘게 다진다.
2. **볶기**: 팬에 올리브 오일을 두르고 양파와 마늘을 볶아 향을 낸다.
3. **소스 만들기**: 다진 토마토와 고추를 넣고 끓인 후, 소금, 후추, 레몬 주스를 추가하여 간을 맞춘다.
4. **마무리**: 마지막으로 고수를 넣고 섞은 후, 불을 끄고 식힌다.

이 리스트와 단계를 참고하여 맛있는 타코 소스를 만들어 보세요!",shopping,10,10,True,has_docs
56,‘ㅁㄴㅇㄹ’ 같은 오타가 있는데 혹시 의미 추론 가능해?,"죄송하지만, 'ㅁㄴㅇㄹ'과 같은 오타는 특정한 의미를 추론하기 어렵습니다. 만약 요리와 관련된 질문이나 요청이 있으시다면, 구체적으로 말씀해 주시면 도움이 될 수 있도록 최선을 다하겠습니다!",unknown,0,10,False,no_docs
57,오늘 날씨 어때? (레시피 외 질문 처리 테스트),"죄송하지만, 날씨에 대한 정보는 제공할 수 없습니다. 대신 요리와 관련된 질문이나 레시피가 필요하시면 도와드리겠습니다! 어떤 요리를 원하시나요?",recipe,10,10,True,has_docs
58,비슷한 레시피 3개 비교해서 차이점 정리해줘.,"비슷한 레시피를 비교할 때, 예를 들어 '카레', '스튜', '찌개'를 선택해 보겠습니다. 이 세 가지 요리는 모두 국물 요리지만, 재료와 조리 방법에서 차이가 있습니다.

1. **카레**:
   - **주재료**: 고기(닭고기, 소고기 등), 감자, 당근, 양파, 카레 가루.
   - **조리 방법**: 재료를 볶은 후 물을 붓고 카레 가루를 넣어 끓입니다. 보통 30분 정도 조리하여 걸쭉한 소스를 만듭니다.
   - **특징**: 향신료가 풍부하고, 달콤하면서도 매운 맛이 조화롭습니다.

2. **스튜**:
   - **주재료**: 고기(소고기, 양고기 등), 다양한 채소(당근, 감자, 셀러리 등), 육수.
   - **조리 방법**: 재료를 볶은 후 육수를 추가하고, 낮은 온도에서 오랜 시간(1-2시간) 끓입니다.
   - **특징**: 재료의 맛이 깊게 우러나고, 부드러운 식감을 제공합니다.

3. **찌개**:
   - **주재료**: 고기(돼지고기, 소고기 등), 두부, 채소(양파, 대파 등), 고추가루, 된장 또는 고추장.
   - **조리 방법**: 재료를 넣고 물을 부은 후 끓이며, 보통 20-30분 정도 조리합니다.
   - **특징**: 한국 전통의 매운 맛과 깊은 국물 맛이 특징이며, 다양한 재료를 활용할 수 있습니다.

이렇게 세 가지 요리는 비슷한 점이 있지만, 주재료와 조리 방법, 그리고 맛의 특징에서 차이가 있습니다. 각 요리는 그 자체로 독특한 매력을 가지고 있어, 취향에 따라 선택할 수 있습니다.",unknown,0,10,False,no_docs
59,재료 가격 고려해서 1만원 이하 저녁 식단 추천해줘.,"1만원 이하의 저녁 식단으로는 ""김치찌개와 밥""을 추천합니다. 이 요리는 간단하면서도 맛있고, 재료도 저렴하게 구입할 수 있습니다.

### 재료
- 김치 (200g): 2,000원
- 두부 (1모): 1,500원
- 돼지고기 (목살 또는 삼겹살, 200g): 3,000원
- 대파 (1대): 500원
- 마늘 (2쪽): 200원
- 고춧가루 (1큰술): 300원
- 밥 (2인분): 1,000원
- 물 (적당량): 무료

### 요리 단계 요약
1. **재료 준비**: 김치는 적당한 크기로 자르고, 두부는 큐브 모양으로 썰고, 대파와 마늘도 다져줍니다. 돼지고기는 한 입 크기로 썰어줍니다.
2. **찌개 끓이기**: 냄비에 돼지고기를 넣고 볶다가, 마늘과 김치를 추가해 함께 볶습니다. 고춧가루를 넣고 잘 섞은 후 물을 부어 끓입니다.
3. **두부와 대파 추가**: 끓어오르면 두부와 대파를 넣고 중불에서 10분 정도 더 끓입니다. 마지막으로 간을 보고 필요시 소금을 추가합니다.
4. **서빙**: 완성된 김치찌개를 그릇에 담고, 따뜻한 밥과 함께 제공합니다.

이렇게 하면 1만원 이하로 맛있는 저녁을 준비할 수 있습니다!",shopping,10,10,True,has_docs
